jenjang,tahun,prodi,lulusan
Doktor,2017,Doktor Fisika,16
Doktor,2017,Doktor Ilmu Komputer,19
Doktor,2017,Doktor Kimia,19
Doktor,2017,Doktor Matematika,8
Doktor,2018,Doktor Fisika,8
Doktor,2018,Doktor Ilmu Komputer,14
Doktor,2018,Doktor Kimia,26
Doktor,2018,Doktor Matematika,5
Doktor,2019,Doktor Fisika,9
Doktor,2019,Doktor Ilmu Komputer,11
Doktor,2019,Doktor Kimia,21
Doktor,2019,Doktor Matematika,5
Doktor,2020,Doktor Fisika,9
Doktor,2020,Doktor Ilmu Komputer,16
Doktor,2020,Doktor Kimia,10
Doktor,2020,Doktor Matematika,7
Doktor,2021,Doktor Fisika,6
Doktor,2021,Doktor Ilmu Komputer,6
Doktor,2021,Doktor Kimia,9
Doktor,2021,Doktor Matematika,3
Doktor,2022,Doktor Fisika,1
Doktor,2022,Doktor Ilmu Komputer,12
Doktor,2022,Doktor Kimia,7
Doktor,2022,Doktor Matematika,6
Doktor,2023,Doktor Fisika,7
Doktor,2023,Doktor Ilmu Komputer,15
Doktor,2023,Doktor Kimia,22
Doktor,2023,Doktor Matematika,10
Doktor,2024,Doktor Fisika,4
Doktor,2024,Doktor Ilmu Komputer,15
Doktor,2024,Doktor Kimia,13
Doktor,2024,Doktor Matematika,12
Doktor,2025,Doktor Fisika,15
Doktor,2025,Doktor Ilmu Komputer,14
Doktor,2025,Doktor Kimia,13
Doktor,2025,Doktor Matematika,5
Doktor,2026,Doktor Fisika,15
Doktor,2026,Doktor Ilmu Komputer,31
Doktor,2026,Doktor Kimia,19
Doktor,2026,Doktor Matematika,9
Magister,2017,Magister Fisika,69
Magister,2017,Magister Ilmu Komputer,85
Magister,2017,Magister Kimia,116
Magister,2017,Magister Matematika,79
Magister,2018,Magister Fisika,71
Magister,2018,Magister Ilmu Komputer,60
Magister,2018,Magister Kimia,96
Magister,2018,Magister Matematika,50
Magister,2019,Magister Fisika,55
Magister,2019,Magister Ilmu Komputer,51
Magister,2019,Magister Kimia,55
Magister,2019,Magister Matematika,49
Magister,2020,Magister Fisika,42
Magister,2020,Magister Ilmu Komputer,55
Magister,2020,Magister Kimia,59
Magister,2020,Magister Matematika,67
Magister,2021,Magister Fisika,52
Magister,2021,Magister Ilmu Komputer,45
Magister,2021,Magister Kimia,39
Magister,2021,Magister Matematika,20
Magister,2022,Magister Fisika,44
Magister,2022,Magister Ilmu Komputer,45
Magister,2022,Magister Kimia,36
Magister,2022,Magister Matematika,31
Magister,2023,Magister Fisika,35
Magister,2023,Magister Ilmu Komputer,53
Magister,2023,Magister Kimia,72
Magister,2023,Magister Matematika,48
Magister,2024,Magister Fisika,40
Magister,2024,Magister Ilmu Komputer,39
Magister,2024,Magister Kecerdasan Artifisial,13
Magister,2024,Magister Kimia,52
Magister,2024,Magister Matematika,39
Magister,2025,Magister Fisika,23
Magister,2025,Magister Ilmu Komputer,63
Magister,2025,Magister Kecerdasan Artifisial,11
Magister,2025,Magister Kimia,42
Magister,2025,Magister Matematika,41
Magister,2026,Magister Elektronika dan Instrumentasi,5
Magister,2026,Magister Fisika,47
Magister,2026,Magister Ilmu Komputer,64
Magister,2026,Magister Kecerdasan Artifisial,39
Magister,2026,Magister Kimia,66
Magister,2026,Magister Matematika,44
Sarjana,2017,S1 Elektronika dan Instrumentasi,65
Sarjana,2017,S1 Fisika,64
Sarjana,2017,S1 Geofisika,105
Sarjana,2017,S1 Ilmu Komputer,105
Sarjana,2017,S1 Kimia,204
Sarjana,2017,S1 Matematika,74
Sarjana,2017,S1 Statistika,68
Sarjana,2018,S1 Elektronika dan Instrumentasi,83
Sarjana,2018,S1 Fisika,73
Sarjana,2018,S1 Geofisika,82
Sarjana,2018,S1 Ilmu Komputer,123
Sarjana,2018,S1 Kimia,172
Sarjana,2018,S1 Matematika,83
Sarjana,2018,S1 Statistika,54
Sarjana,2019,S1 Elektronika dan Instrumentasi,75
Sarjana,2019,S1 Fisika,51
Sarjana,2019,S1 Geofisika,60
Sarjana,2019,S1 Ilmu Komputer,87
Sarjana,2019,S1 Kimia,173
Sarjana,2019,S1 Matematika,61
Sarjana,2019,S1 Statistika,68
Sarjana,2020,S1 Elektronika dan Instrumentasi,90
Sarjana,2020,S1 Fisika,64
Sarjana,2020,S1 Geofisika,47
Sarjana,2020,S1 Ilmu Komputer,81
Sarjana,2020,S1 Kimia,90
Sarjana,2020,S1 Matematika,46
Sarjana,2020,S1 Statistika,37
Sarjana,2021,S1 Elektronika dan Instrumentasi,77
Sarjana,2021,S1 Fisika,51
Sarjana,2021,S1 Geofisika,39
Sarjana,2021,S1 Ilmu Komputer,82
Sarjana,2021,S1 Kimia,149
Sarjana,2021,S1 Matematika,37
Sarjana,2021,S1 Statistika,45
Sarjana,2022,S1 Elektronika dan Instrumentasi,61
Sarjana,2022,S1 Fisika,71
Sarjana,2022,S1 Geofisika,37
Sarjana,2022,S1 Ilmu Komputer,93
Sarjana,2022,S1 Kimia,126
Sarjana,2022,S1 Matematika,45
Sarjana,2022,S1 Statistika,42
Sarjana,2023,S1 Elektronika dan Instrumentasi,80
Sarjana,2023,S1 Fisika,74
Sarjana,2023,S1 Geofisika,62
Sarjana,2023,S1 Ilmu Aktuaria,16
Sarjana,2023,S1 Ilmu Komputer,114
Sarjana,2023,S1 Kimia,170
Sarjana,2023,S1 Matematika,56
Sarjana,2023,S1 Statistika,63
Sarjana,2024,S1 Elektronika dan Instrumentasi,80
Sarjana,2024,S1 Fisika,83
Sarjana,2024,S1 Geofisika,67
Sarjana,2024,S1 Ilmu Aktuaria,31
Sarjana,2024,S1 Ilmu Komputer,95
Sarjana,2024,S1 Kimia,164
Sarjana,2024,S1 Matematika,59
Sarjana,2024,S1 Statistika,53
Sarjana,2025,S1 Elektronika dan Instrumentasi,113
Sarjana,2025,S1 Fisika,66
Sarjana,2025,S1 Geofisika,53
Sarjana,2025,S1 Ilmu Aktuaria,44
Sarjana,2025,S1 Ilmu Komputer,136
Sarjana,2025,S1 Kimia,144
Sarjana,2025,S1 Matematika,93
Sarjana,2025,S1 Statistika,79
Sarjana,2026,S1 Elektronika dan Instrumentasi,83
Sarjana,2026,S1 Fisika,54
Sarjana,2026,S1 Geofisika,60
Sarjana,2026,S1 Ilmu Aktuaria,51
Sarjana,2026,S1 Ilmu Komputer,122
Sarjana,2026,S1 Kimia,170
Sarjana,2026,S1 Matematika,90
Sarjana,2026,S1 Statistika,79
