year,lat,lng,regency,province,n,location_status,coordinate_source
2021.0,,,,,78,missing,
2021.0,,,Bantul,Daerah Istimewa Yogyakarta,1,recorded,
2021.0,,,Sleman,Daerah Istimewa Yogyakarta,2,recorded,
2021.0,,,Yogyakarta,Daerah Istimewa Yogyakarta,7,recorded,
2021.0,,,,Daring,1,online,
2021.0,,,Bandung,Jawa Barat,5,recorded,
2021.0,,,Bogor,Jawa Barat,4,recorded,
2021.0,,,Magelang,Jawa Tengah,1,recorded,
2021.0,,,Sragen,Jawa Tengah,1,recorded,
2021.0,,,Surakarta,Jawa Tengah,2,recorded,
2021.0,,,"""Malang, Surabaya""",Jawa Timur,1,recorded,
2021.0,,,Gresik,Jawa Timur,1,recorded,
2021.0,,,Grobogan,Jawa Timur,1,recorded,
2021.0,,,Pacitan,Jawa Timur,1,recorded,
2021.0,,,Banjarmasin,Kalimantan Selatan,1,recorded,
2021.0,,,,Kalimantan Timur,1,recorded,
2021.0,,,Ternate,Maluku Utara,1,recorded,
2022.0,,,,,63,missing,
2022.0,,,Kulon Progo,,1,recorded,
2022.0,,,Badung,Bali,2,recorded,
2022.0,,,Denpasar,Bali,2,recorded,
2022.0,,,Karangasem,Bali,1,recorded,
2022.0,,,Kuta,Bali,1,recorded,
2022.0,,,Tangerang,Banten,4,recorded,
2022.0,,,Jakarta Pusat,DKI Jakarta,1,recorded,
2022.0,,,Jakarta Selatan,DKI Jakarta,4,recorded,
2022.0,,,Jakarta Timur,DKI Jakarta,1,recorded,
2022.0,,,,Daerah Istimewa Yogyakarta,1,recorded,
2022.0,,,Badung,Daerah Istimewa Yogyakarta,1,recorded,
2022.0,,,Bantul,Daerah Istimewa Yogyakarta,2,recorded,
2022.0,,,Gunungkidul,Daerah Istimewa Yogyakarta,3,recorded,
2022.0,,,Kulon Progo,Daerah Istimewa Yogyakarta,5,recorded,
2022.0,,,Sleman,Daerah Istimewa Yogyakarta,21,recorded,
2022.0,,,Yogyakarta,Daerah Istimewa Yogyakarta,29,recorded,
2022.0,,,Badung,Jawa Barat,1,recorded,
2022.0,,,Bandung,Jawa Barat,10,recorded,
2022.0,,,Bekasi,Jawa Barat,3,recorded,
2022.0,,,Bogor,Jawa Barat,4,recorded,
2022.0,,,,Jawa Tengah,2,recorded,
2022.0,,,Banyumas,Jawa Tengah,1,recorded,
2022.0,,,Brebes,Jawa Tengah,2,recorded,
2022.0,,,Jepara,Jawa Tengah,1,recorded,
2022.0,,,Karanganyar,Jawa Tengah,3,recorded,
2022.0,,,Karimun Jawa,Jawa Tengah,1,recorded,
2022.0,,,Kebumen,Jawa Tengah,1,recorded,
2022.0,,,Klaten,Jawa Tengah,2,recorded,
2022.0,,,Magelang,Jawa Tengah,1,recorded,
2022.0,,,Semarang,Jawa Tengah,1,recorded,
2022.0,,,Sleman,Jawa Tengah,1,recorded,
2022.0,,,Solo,Jawa Tengah,1,recorded,
2022.0,,,Sragen,Jawa Tengah,3,recorded,
2022.0,,,Surakarta,Jawa Tengah,1,recorded,
2022.0,,,Wonosobo,Jawa Tengah,1,recorded,
2022.0,,,Banyuwangi,Jawa Timur,2,recorded,
2022.0,,,Madiun,Jawa Timur,2,recorded,
2022.0,,,Malang,Jawa Timur,7,recorded,
2022.0,,,Surabaya,Jawa Timur,3,recorded,
2022.0,,,Banjarmasin,Kalimantan Selatan,3,recorded,
2022.0,,,,Kepulauan Bangka Belitung,2,recorded,
2022.0,,,Bangka Barat,Kepulauan Bangka Belitung,1,recorded,
2022.0,,,Belitung,Kepulauan Bangka Belitung,1,recorded,
2022.0,,,Pangkal Pinang,Kepulauan Bangka Belitung,1,recorded,
2022.0,,,Ternate,Maluku Utara,2,recorded,
2022.0,,,Lombok Barat,Nusa Tenggara Barat,1,recorded,
2022.0,,,Lombok Timur,Nusa Tenggara Barat,1,recorded,
2022.0,,,Mataram,Nusa Tenggara Barat,1,recorded,
2022.0,,,Timor Tengah Utara,Nusa Tenggara Timur,1,recorded,
2022.0,,,Makassar,Sulawesi Selatan,1,recorded,
2022.0,,,Palu,Sulawesi Tengah,1,recorded,
2022.0,,,Padang,Sumatera Barat,1,recorded,
2022.0,,,Palembang,Sumatera Selatan,1,recorded,
2023.0,,,,,9,missing,
2023.0,,,,,1,recorded,
2023.0,,,Daring,,11,recorded,
2023.0,,,Sabah,,1,recorded,
2023.0,,,Badung,Bali,3,recorded,
2023.0,,,Karangasem,Bali,1,recorded,
2023.0,,,,Banten,1,recorded,
2023.0,,,Tangerang,Banten,2,recorded,
2023.0,,,Bengkulu,Bengkulu,2,recorded,
2023.0,,,Jakarta Barat,DKI Jakarta,1,recorded,
2023.0,,,Jakarta Pusat,DKI Jakarta,8,recorded,
2023.0,,,Jakarta Selatan,DKI Jakarta,7,recorded,
2023.0,,,Jakarta Timur,DKI Jakarta,1,recorded,
2023.0,,,Jakarta Utara,DKI Jakarta,2,recorded,
2023.0,,,"Jakarta Pusat,Bandung",DKI Jakarta + Jawa Barat,1,recorded,
2023.0,,,,Daerah Istimewa Yogyakarta,15,recorded,
2023.0,,,Bantul,Daerah Istimewa Yogyakarta,10,recorded,
2023.0,,,Gunungkidul,Daerah Istimewa Yogyakarta,1,recorded,
2023.0,,,Kota Yogyakarta,Daerah Istimewa Yogyakarta,1,recorded,
2023.0,,,Kulon Progo,Daerah Istimewa Yogyakarta,6,recorded,
2023.0,,,Sleman,Daerah Istimewa Yogyakarta,17,recorded,
2023.0,,,Wonogiri,Daerah Istimewa Yogyakarta,1,recorded,
2023.0,,,Yogyakarta,Daerah Istimewa Yogyakarta,34,recorded,
2023.0,,,Daring,Daring,2,online,
2023.0,,,Bandung,Jawa Barat,10,recorded,
2023.0,,,Bekasi,Jawa Barat,4,recorded,
2023.0,,,Bogor,Jawa Barat,16,recorded,
2023.0,,,CIkarang,Jawa Barat,1,recorded,
2023.0,,,Ciamis,Jawa Barat,1,recorded,
2023.0,,,Depok,Jawa Barat,4,recorded,
2023.0,,,Indramayu,Jawa Barat,3,recorded,
2023.0,,,Karawang,Jawa Barat,1,recorded,
2023.0,,,Sumedang,Jawa Barat,2,recorded,
2023.0,,,Tangerang,Jawa Barat,1,recorded,
2023.0,,,Banyumas,Jawa Tengah,1,recorded,
2023.0,,,Brebes,Jawa Tengah,4,recorded,
2023.0,,,Cilacap,Jawa Tengah,1,recorded,
2023.0,,,Karanganyar,Jawa Tengah,2,recorded,
2023.0,,,Kebumen,Jawa Tengah,1,recorded,
2023.0,,,Klaten,Jawa Tengah,1,recorded,
2023.0,,,Magelang,Jawa Tengah,3,recorded,
2023.0,,,Malang,Jawa Tengah,1,recorded,
2023.0,,,Semarang,Jawa Tengah,8,recorded,
2023.0,,,Solo,Jawa Tengah,1,recorded,
2023.0,,,Sukoharjo,Jawa Tengah,2,recorded,
2023.0,,,Surakarta,Jawa Tengah,1,recorded,
2023.0,,,Wonogiri,Jawa Tengah,2,recorded,
2023.0,,,Banyuwangi,Jawa Timur,3,recorded,
2023.0,,,Kota Batu,Jawa Timur,3,recorded,
2023.0,,,Madiun,Jawa Timur,3,recorded,
2023.0,,,Madura,Jawa Timur,1,recorded,
2023.0,,,Malang,Jawa Timur,6,recorded,
2023.0,,,Pasuruan,Jawa Timur,1,recorded,
2023.0,,,Surabaya,Jawa Timur,4,recorded,
2023.0,,,Banjarmasin,Kalimantan Selatan,2,recorded,
2023.0,,,,Kalimantan Timur,2,recorded,
2023.0,,,Samarinda,Kalimantan Timur,3,recorded,
2023.0,,,Simenggaris,Kalimantan Utara,1,recorded,
2023.0,,,,Kepulauan Bangka Belitung,1,recorded,
2023.0,,,Pangkal Pinang,Kepulauan Bangka Belitung,2,recorded,
2023.0,,,Bandar Lampung,Lampung,2,recorded,
2023.0,,,Lampung Selatan,Lampung,2,recorded,
2023.0,,,Ambon,Maluku,1,recorded,
2023.0,,,Ternate,Maluku Utara,1,recorded,
2023.0,,,Mataram,Nusa Tenggara Barat,5,recorded,
2023.0,,,Kupang,Nusa Tenggara Timur,1,recorded,
2023.0,,,Jayapura,Papua,3,recorded,
2023.0,,,Sorong,Papua Barat,1,recorded,
2023.0,,,Pekanbaru,Riau,3,recorded,
2023.0,,,Makassar,Sulawesi Selatan,4,recorded,
2023.0,,,Makassar (Hybrid),Sulawesi Selatan,1,recorded,
2023.0,,,Palembang,Sulawesi Tengah,1,recorded,
2023.0,,,Palu,Sulawesi Tengah,3,recorded,
2023.0,,,Buton,Sulawesi Tenggara,1,recorded,
2023.0,,,Gorontalo,Sulawesi Utara,1,recorded,
2023.0,,,Manado,Sulawesi Utara,5,recorded,
2023.0,,,Padang,Sumatera Barat,1,recorded,
2023.0,,,Palembang,Sumatera Selatan,1,recorded,
2023.0,,,Medan,Sumatera Utara,1,recorded,
2024.0,,,,,52,missing,
2024.0,,,Bengkulu,,1,recorded,
2024.0,,,Daring,,1,recorded,
2024.0,,,Jakarta Pusat,,1,recorded,
2024.0,,,Sleman,,1,recorded,
2024.0,,,Surabaya,,1,recorded,
2024.0,,,Wonogiri,,1,recorded,
2024.0,,,Yogyakarta,,1,recorded,
2024.0,,,Aceh,Aceh,1,recorded,
2024.0,,,Banda Aceh,Aceh,2,recorded,
2024.0,,,,Bali,6,recorded,
2024.0,,,Badung,Bali,2,recorded,
2024.0,,,Denpasar,Bali,6,recorded,
2024.0,,,Lebak,Banten,1,recorded,
2024.0,,,Tangerang,Banten,6,recorded,
2024.0,,,Tangerang Selatan,Banten,4,recorded,
2024.0,,,,Bengkulu,6,recorded,
2024.0,,,Malaybay,Bukidnon,1,foreign,
2024.0,,,,DKI Jakarta,16,recorded,
2024.0,,,Jakarta Barat,DKI Jakarta,6,recorded,
2024.0,,,Jakarta Pusat,DKI Jakarta,24,recorded,
2024.0,,,Jakarta Selatan,DKI Jakarta,24,recorded,
2024.0,,,Jakarta Timur,DKI Jakarta,2,recorded,
2024.0,,,Jakarta Utara,DKI Jakarta,3,recorded,
2024.0,,,Yogyakarta,DKI Jakarta,1,recorded,
2024.0,,,,DKI Jakarta + Jawa Barat,1,recorded,
2024.0,,,,Daerah Istimewa Yogyakarta,4,recorded,
2024.0,,,Bantul,Daerah Istimewa Yogyakarta,6,recorded,
2024.0,,,Gunung Kidul,Daerah Istimewa Yogyakarta,1,recorded,
2024.0,,,Kulon Progo,Daerah Istimewa Yogyakarta,2,recorded,
2024.0,,,Sleman,Daerah Istimewa Yogyakarta,37,recorded,
2024.0,,,Yogyakarta,Daerah Istimewa Yogyakarta,7,recorded,
2024.0,,,Daring,Daring,23,online,
2024.0,,,Gorontalo,Gorontalo,1,recorded,
2024.0,,,Bandung,Jawa Barat,24,recorded,
2024.0,,,Bekasi,Jawa Barat,3,recorded,
2024.0,,,Bogor,Jawa Barat,5,recorded,
2024.0,,,Cikarang,Jawa Barat,1,recorded,
2024.0,,,Cirebon,Jawa Barat,1,recorded,
2024.0,,,Depok,Jawa Barat,2,recorded,
2024.0,,,Majalengka,Jawa Barat,1,recorded,
2024.0,,,Purwakarta,Jawa Barat,1,recorded,
2024.0,,,Sumedang,Jawa Barat,1,recorded,
2024.0,,,Tangerang,Jawa Barat,1,recorded,
2024.0,,,,Jawa Tengah,1,recorded,
2024.0,,,Banjarnegara,Jawa Tengah,1,recorded,
2024.0,,,Bantul,Jawa Tengah,3,recorded,
2024.0,,,Brebes,Jawa Tengah,1,recorded,
2024.0,,,Klaten,Jawa Tengah,2,recorded,
2024.0,,,Kudus,Jawa Tengah,3,recorded,
2024.0,,,Magelang,Jawa Tengah,2,recorded,
2024.0,,,Pekalongan,Jawa Tengah,1,recorded,
2024.0,,,Pemalang,Jawa Tengah,2,recorded,
2024.0,,,Ponorogo,Jawa Tengah,1,recorded,
2024.0,,,Purwokerto,Jawa Tengah,5,recorded,
2024.0,,,Semarang,Jawa Tengah,14,recorded,
2024.0,,,Solo,Jawa Tengah,3,recorded,
2024.0,,,Sukoharjo,Jawa Tengah,1,recorded,
2024.0,,,Surakarta,Jawa Tengah,3,recorded,
2024.0,,,Temanggung,Jawa Tengah,2,recorded,
2024.0,,,Wonogiri,Jawa Tengah,1,recorded,
2024.0,,,,Jawa Timur,1,recorded,
2024.0,,,Banyumas,Jawa Timur,1,recorded,
2024.0,,,Blitar,Jawa Timur,1,recorded,
2024.0,,,Jember,Jawa Timur,1,recorded,
2024.0,,,Madiun,Jawa Timur,3,recorded,
2024.0,,,Malang,Jawa Timur,4,recorded,
2024.0,,,Sidoarjo,Jawa Timur,1,recorded,
2024.0,,,Surabaya,Jawa Timur,11,recorded,
2024.0,,,Pontianak,Kalimantan Barat,3,recorded,
2024.0,,,Banjarbaru,Kalimantan Selatan,2,recorded,
2024.0,,,Banjarmasin,Kalimantan Selatan,6,recorded,
2024.0,,,Palangkaraya,Kalimantan Selatan,1,recorded,
2024.0,,,Balikpapan,Kalimantan Timur,2,recorded,
2024.0,,,Banjarmasin,Kalimantan Timur,1,recorded,
2024.0,,,Kutai,Kalimantan Timur,1,recorded,
2024.0,,,Samarinda,Kalimantan Timur,2,recorded,
2024.0,,,,Kepulauan Bangka Belitung,1,recorded,
2024.0,,,,Lampung,1,recorded,
2024.0,,,Bandar Lampung,Lampung,1,recorded,
2024.0,,,Lampung Selatan,Lampung,1,recorded,
2024.0,,,Mataram,Nusa Tenggara Barat,1,recorded,
2024.0,,,Kefamenanu,Nusa Tenggara Timur,1,recorded,
2024.0,,,Kupang,Nusa Tenggara Timur,4,recorded,
2024.0,,,Manado,Nusa Tenggara Timur,1,recorded,
2024.0,,,Jayapura,Papua,2,recorded,
2024.0,,,,Riau,6,recorded,
2024.0,,,Batam,Riau,1,recorded,
2024.0,,,Pekanbaru,Riau,1,recorded,
2024.0,,,Makassar,Sulawesi Selatan,8,recorded,
2024.0,,,Banggal,Sulawesi Tengah,1,recorded,
2024.0,,,Makassar,Sulawesi Tengah,1,recorded,
2024.0,,,Palu,Sulawesi Tengah,1,recorded,
2024.0,,,Baubau,Sulawesi Tenggara,1,recorded,
2024.0,,,Buton,Sulawesi Tenggara,2,recorded,
2024.0,,,Manado,Sulawesi Utara,2,recorded,
2024.0,,,Padang,Sumatera Barat,4,recorded,
2024.0,,,Bangka Belitung,Sumatera Selatan,1,recorded,
2024.0,,,Musi Rawas,Sumatera Selatan,1,recorded,
2024.0,,,Palembang,Sumatera Selatan,1,recorded,
2024.0,,,Medan,Sumatera Utara,9,recorded,
2024.0,,,Nias,Sumatera Utara,1,recorded,
2024.0,,,Melbourne,Victoria,1,foreign,
2025.0,,,,,305,missing,
2025.0,,,,Bali,1,recorded,
2025.0,,,Karangasem,Bali,1,recorded,
2025.0,,,Tangerang Selatan,Banten,3,recorded,
2025.0,,,,DKI Jakarta,13,recorded,
2025.0,,,Jakarta,DKI Jakarta,1,recorded,
2025.0,,,Jakarta Pusat,DKI Jakarta,2,recorded,
2025.0,,,Jakarta Selatan,DKI Jakarta,2,recorded,
2025.0,,,Kemayoran,DKI Jakarta,1,recorded,
2025.0,,,Pesanggrahan,DKI Jakarta,1,recorded,
2025.0,,,Semanggi,DKI Jakarta,1,recorded,
2025.0,,,,Daerah Istimewa Yogyakarta,28,recorded,
2025.0,,,Bantul,Daerah Istimewa Yogyakarta,4,recorded,
2025.0,,,Condongcatur,Daerah Istimewa Yogyakarta,1,recorded,
2025.0,,,Gunung Kidul,Daerah Istimewa Yogyakarta,3,recorded,
2025.0,,,Sleman,Daerah Istimewa Yogyakarta,11,recorded,
2025.0,,,Yogyakarta,Daerah Istimewa Yogyakarta,3,recorded,
2025.0,,,,Daring,2,online,
2025.0,,,Bandung,Jawa Barat,5,recorded,
2025.0,,,Bekasi,Jawa Barat,2,recorded,
2025.0,,,Bogor,Jawa Barat,1,recorded,
2025.0,,,Cirebon,Jawa Barat,1,recorded,
2025.0,,,Depok,Jawa Barat,1,recorded,
2025.0,,,Sumedang,Jawa Barat,1,recorded,
2025.0,,,Jepara,Jawa Tengah,1,recorded,
2025.0,,,Magelang,Jawa Tengah,5,recorded,
2025.0,,,Purbalingga,Jawa Tengah,1,recorded,
2025.0,,,Purwokerto,Jawa Tengah,2,recorded,
2025.0,,,Semarang,Jawa Tengah,5,recorded,
2025.0,,,Surakarta,Jawa Tengah,1,recorded,
2025.0,,,Jember,Jawa Timur,1,recorded,
2025.0,,,Pasuruan,Jawa Timur,1,recorded,
2025.0,,,Ponorogo,Jawa Timur,1,recorded,
2025.0,,,Surabaya,Jawa Timur,5,recorded,
2025.0,,,Pontianak,Kalimantan Barat,2,recorded,
2025.0,,,Banjarmasin,Kalimantan Selatan,2,recorded,
2025.0,,,Bontang,Kalimantan Timur,1,recorded,
2025.0,,,,Kepulauan Bangka Belitung,1,recorded,
2025.0,,,Halmahera Utara,Maluku Utara,1,recorded,
2025.0,,,Ternate,Maluku Utara,1,recorded,
2025.0,,,Jayapura,Papua,1,recorded,
2025.0,,,Mimika,Papua Tengah,1,recorded,
2025.0,,,,Riau,2,recorded,
2025.0,,,Pekanbaru,Riau,1,recorded,
2025.0,,,Makassar,Sulawesi Selatan,5,recorded,
2025.0,,,,Sulawesi Tenggara,1,recorded,
2025.0,,,Bekasi,Sumatera Barat,1,recorded,
2025.0,,,Padang,Sumatera Barat,3,recorded,
2025.0,,,,Sumatera Selatan,1,recorded,
2025.0,,,Palembang,Sumatera Selatan,1,recorded,
2025.0,,,Binjai,Sumatera Utara,1,recorded,
2025.0,,,Medan,Sumatera Utara,2,recorded,
2026.0,,,,,2,missing,
,,,,,110,missing,
,,,Cilacap,,1,recorded,
,,,,DKI Jakarta,1,recorded,
,,,Jakarta Timur,DKI Jakarta,1,recorded,
,,,Sleman,Daerah Istimewa Yogyakarta,7,recorded,
,,,Daring,Daring,1,online,
,,,Cilacap,Jawa Barat,1,recorded,
,,,Depok,Jawa Barat,1,recorded,
,,,Semarang,Jawa Tengah,1,recorded,
,,,Surabaya,Jawa Timur,1,recorded,
,,,Lombok Tengah,Nusa Tenggara Barat,1,recorded,
,,,Palembang,Sumatera Selatan,1,recorded,
