beasiswa,prodi,penerima
Pancakarsa Dinas Pemuda dan Olah Raga Kabupaten Bogor,Fisika,0
Pancakarsa Dinas Pemuda dan Olah Raga Kabupaten Bogor,Geofisika,0
Pancakarsa Dinas Pemuda dan Olah Raga Kabupaten Bogor,Elins,0
Pancakarsa Dinas Pemuda dan Olah Raga Kabupaten Bogor,IlKomp,0
Pancakarsa Dinas Pemuda dan Olah Raga Kabupaten Bogor,Kimia,1
Pancakarsa Dinas Pemuda dan Olah Raga Kabupaten Bogor,Matemat,0
Pancakarsa Dinas Pemuda dan Olah Raga Kabupaten Bogor,Statistika,0
Pancakarsa Dinas Pemuda dan Olah Raga Kabupaten Bogor,Aktuaria,0
Kartu Indonesia Pintar Kuliah (KIP-K) Tahun 2022,Fisika,22
Kartu Indonesia Pintar Kuliah (KIP-K) Tahun 2022,Geofisika,19
Kartu Indonesia Pintar Kuliah (KIP-K) Tahun 2022,Elins,9
Kartu Indonesia Pintar Kuliah (KIP-K) Tahun 2022,IlKomp,11
Kartu Indonesia Pintar Kuliah (KIP-K) Tahun 2022,Kimia,45
Kartu Indonesia Pintar Kuliah (KIP-K) Tahun 2022,Matemat,18
Kartu Indonesia Pintar Kuliah (KIP-K) Tahun 2022,Statistika,9
Kartu Indonesia Pintar Kuliah (KIP-K) Tahun 2022,Aktuaria,8
PBUK PT. Chevron Cendana Riau 2022,Fisika,0
PBUK PT. Chevron Cendana Riau 2022,Geofisika,0
PBUK PT. Chevron Cendana Riau 2022,Elins,0
PBUK PT. Chevron Cendana Riau 2022,IlKomp,0
PBUK PT. Chevron Cendana Riau 2022,Kimia,1
PBUK PT. Chevron Cendana Riau 2022,Matemat,0
PBUK PT. Chevron Cendana Riau 2022,Statistika,0
PBUK PT. Chevron Cendana Riau 2022,Aktuaria,0
PBUK Yayasan Pupuk Kaltim 2022,Fisika,0
PBUK Yayasan Pupuk Kaltim 2022,Geofisika,0
PBUK Yayasan Pupuk Kaltim 2022,Elins,0
PBUK Yayasan Pupuk Kaltim 2022,IlKomp,0
PBUK Yayasan Pupuk Kaltim 2022,Kimia,0
PBUK Yayasan Pupuk Kaltim 2022,Matemat,0
PBUK Yayasan Pupuk Kaltim 2022,Statistika,1
PBUK Yayasan Pupuk Kaltim 2022,Aktuaria,0
Tanoto Teladan 2023,Fisika,0
Tanoto Teladan 2023,Geofisika,0
Tanoto Teladan 2023,Elins,0
Tanoto Teladan 2023,IlKomp,3
Tanoto Teladan 2023,Kimia,1
Tanoto Teladan 2023,Matemat,0
Tanoto Teladan 2023,Statistika,0
Tanoto Teladan 2023,Aktuaria,2
Afirmasi Pendidikan Tinggi 2022,Fisika,1
Afirmasi Pendidikan Tinggi 2022,Geofisika,0
Afirmasi Pendidikan Tinggi 2022,Elins,0
Afirmasi Pendidikan Tinggi 2022,IlKomp,0
Afirmasi Pendidikan Tinggi 2022,Kimia,0
Afirmasi Pendidikan Tinggi 2022,Matemat,0
Afirmasi Pendidikan Tinggi 2022,Statistika,0
Afirmasi Pendidikan Tinggi 2022,Aktuaria,1
Jardine UGM Scholarship 2022,Fisika,0
Jardine UGM Scholarship 2022,Geofisika,0
Jardine UGM Scholarship 2022,Elins,0
Jardine UGM Scholarship 2022,IlKomp,0
Jardine UGM Scholarship 2022,Kimia,1
Jardine UGM Scholarship 2022,Matemat,0
Jardine UGM Scholarship 2022,Statistika,0
Jardine UGM Scholarship 2022,Aktuaria,0
BPI 2022 Puslapdik Sarjana,Fisika,1
BPI 2022 Puslapdik Sarjana,Geofisika,0
BPI 2022 Puslapdik Sarjana,Elins,0
BPI 2022 Puslapdik Sarjana,IlKomp,0
BPI 2022 Puslapdik Sarjana,Kimia,0
BPI 2022 Puslapdik Sarjana,Matemat,0
BPI 2022 Puslapdik Sarjana,Statistika,0
BPI 2022 Puslapdik Sarjana,Aktuaria,1
PBUK BNI Angkatan 2022/2023,Fisika,0
PBUK BNI Angkatan 2022/2023,Geofisika,0
PBUK BNI Angkatan 2022/2023,Elins,0
PBUK BNI Angkatan 2022/2023,IlKomp,0
PBUK BNI Angkatan 2022/2023,Kimia,0
PBUK BNI Angkatan 2022/2023,Matemat,0
PBUK BNI Angkatan 2022/2023,Statistika,1
PBUK BNI Angkatan 2022/2023,Aktuaria,0
VDMI 2023,Fisika,0
VDMI 2023,Geofisika,2
VDMI 2023,Elins,0
VDMI 2023,IlKomp,0
VDMI 2023,Kimia,0
VDMI 2023,Matemat,0
VDMI 2023,Statistika,0
VDMI 2023,Aktuaria,0
Beasiswa Unggulan 2022_S1 Angkatan 2022,Fisika,0
Beasiswa Unggulan 2022_S1 Angkatan 2022,Geofisika,0
Beasiswa Unggulan 2022_S1 Angkatan 2022,Elins,1
Beasiswa Unggulan 2022_S1 Angkatan 2022,IlKomp,0
Beasiswa Unggulan 2022_S1 Angkatan 2022,Kimia,0
Beasiswa Unggulan 2022_S1 Angkatan 2022,Matemat,0
Beasiswa Unggulan 2022_S1 Angkatan 2022,Statistika,0
Beasiswa Unggulan 2022_S1 Angkatan 2022,Aktuaria,0
Jardine UGM Scholarship 2023,Fisika,0
Jardine UGM Scholarship 2023,Geofisika,0
Jardine UGM Scholarship 2023,Elins,0
Jardine UGM Scholarship 2023,IlKomp,0
Jardine UGM Scholarship 2023,Kimia,0
Jardine UGM Scholarship 2023,Matemat,0
Jardine UGM Scholarship 2023,Statistika,1
Jardine UGM Scholarship 2023,Aktuaria,0
BEASISWA PENDIDIKAN “BAYAN PEDULI” PROGRAM 2023,Fisika,1
BEASISWA PENDIDIKAN “BAYAN PEDULI” PROGRAM 2023,Geofisika,2
BEASISWA PENDIDIKAN “BAYAN PEDULI” PROGRAM 2023,Elins,0
BEASISWA PENDIDIKAN “BAYAN PEDULI” PROGRAM 2023,IlKomp,0
BEASISWA PENDIDIKAN “BAYAN PEDULI” PROGRAM 2023,Kimia,6
BEASISWA PENDIDIKAN “BAYAN PEDULI” PROGRAM 2023,Matemat,1
BEASISWA PENDIDIKAN “BAYAN PEDULI” PROGRAM 2023,Statistika,0
BEASISWA PENDIDIKAN “BAYAN PEDULI” PROGRAM 2023,Aktuaria,0
Afirmasi Pendidikan Tinggi 2023,Fisika,0
Afirmasi Pendidikan Tinggi 2023,Geofisika,1
Afirmasi Pendidikan Tinggi 2023,Elins,0
Afirmasi Pendidikan Tinggi 2023,IlKomp,1
Afirmasi Pendidikan Tinggi 2023,Kimia,0
Afirmasi Pendidikan Tinggi 2023,Matemat,0
Afirmasi Pendidikan Tinggi 2023,Statistika,0
Afirmasi Pendidikan Tinggi 2023,Aktuaria,0
Beasiswa Erlangga,Fisika,1
Beasiswa Erlangga,Geofisika,1
Beasiswa Erlangga,Elins,0
Beasiswa Erlangga,IlKomp,0
Beasiswa Erlangga,Kimia,0
Beasiswa Erlangga,Matemat,0
Beasiswa Erlangga,Statistika,0
Beasiswa Erlangga,Aktuaria,0
Kartu Indonesia Pintar (KIP) Kuliah Tahun 2023,Fisika,15
Kartu Indonesia Pintar (KIP) Kuliah Tahun 2023,Geofisika,9
Kartu Indonesia Pintar (KIP) Kuliah Tahun 2023,Elins,12
Kartu Indonesia Pintar (KIP) Kuliah Tahun 2023,IlKomp,4
Kartu Indonesia Pintar (KIP) Kuliah Tahun 2023,Kimia,34
Kartu Indonesia Pintar (KIP) Kuliah Tahun 2023,Matemat,14
Kartu Indonesia Pintar (KIP) Kuliah Tahun 2023,Statistika,8
Kartu Indonesia Pintar (KIP) Kuliah Tahun 2023,Aktuaria,4
Tanoto Teladan 2024,Fisika,0
Tanoto Teladan 2024,Geofisika,0
Tanoto Teladan 2024,Elins,2
Tanoto Teladan 2024,IlKomp,1
Tanoto Teladan 2024,Kimia,0
Tanoto Teladan 2024,Matemat,0
Tanoto Teladan 2024,Statistika,0
Tanoto Teladan 2024,Aktuaria,1
BPI 2023 Puslapdik Sarjana,Fisika,0
BPI 2023 Puslapdik Sarjana,Geofisika,0
BPI 2023 Puslapdik Sarjana,Elins,1
BPI 2023 Puslapdik Sarjana,IlKomp,2
BPI 2023 Puslapdik Sarjana,Kimia,1
BPI 2023 Puslapdik Sarjana,Matemat,3
BPI 2023 Puslapdik Sarjana,Statistika,0
BPI 2023 Puslapdik Sarjana,Aktuaria,0
Kemitraan Pemda Propinsi Bengkulu,Fisika,0
Kemitraan Pemda Propinsi Bengkulu,Geofisika,0
Kemitraan Pemda Propinsi Bengkulu,Elins,0
Kemitraan Pemda Propinsi Bengkulu,IlKomp,1
Kemitraan Pemda Propinsi Bengkulu,Kimia,0
Kemitraan Pemda Propinsi Bengkulu,Matemat,0
Kemitraan Pemda Propinsi Bengkulu,Statistika,0
Kemitraan Pemda Propinsi Bengkulu,Aktuaria,0
Beasiswa Unggulan 2023,Fisika,0
Beasiswa Unggulan 2023,Geofisika,0
Beasiswa Unggulan 2023,Elins,2
Beasiswa Unggulan 2023,IlKomp,2
Beasiswa Unggulan 2023,Kimia,0
Beasiswa Unggulan 2023,Matemat,0
Beasiswa Unggulan 2023,Statistika,1
Beasiswa Unggulan 2023,Aktuaria,0
Beasiswa Paragon 2024,Fisika,0
Beasiswa Paragon 2024,Geofisika,0
Beasiswa Paragon 2024,Elins,0
Beasiswa Paragon 2024,IlKomp,1
Beasiswa Paragon 2024,Kimia,0
Beasiswa Paragon 2024,Matemat,0
Beasiswa Paragon 2024,Statistika,0
Beasiswa Paragon 2024,Aktuaria,0
Jardine UGM Scholarship 2024,Fisika,0
Jardine UGM Scholarship 2024,Geofisika,1
Jardine UGM Scholarship 2024,Elins,1
Jardine UGM Scholarship 2024,IlKomp,0
Jardine UGM Scholarship 2024,Kimia,1
Jardine UGM Scholarship 2024,Matemat,0
Jardine UGM Scholarship 2024,Statistika,0
Jardine UGM Scholarship 2024,Aktuaria,0
Kartu Indonesia Pintar (KIP) Kuliah Tahun 2024,Fisika,19
Kartu Indonesia Pintar (KIP) Kuliah Tahun 2024,Geofisika,18
Kartu Indonesia Pintar (KIP) Kuliah Tahun 2024,Elins,12
Kartu Indonesia Pintar (KIP) Kuliah Tahun 2024,IlKomp,7
Kartu Indonesia Pintar (KIP) Kuliah Tahun 2024,Kimia,34
Kartu Indonesia Pintar (KIP) Kuliah Tahun 2024,Matemat,14
Kartu Indonesia Pintar (KIP) Kuliah Tahun 2024,Statistika,5
Kartu Indonesia Pintar (KIP) Kuliah Tahun 2024,Aktuaria,3
BEASISWA PENDIDIKAN “BAYAN PEDULI” PROGRAM 2024,Fisika,0
BEASISWA PENDIDIKAN “BAYAN PEDULI” PROGRAM 2024,Geofisika,1
BEASISWA PENDIDIKAN “BAYAN PEDULI” PROGRAM 2024,Elins,1
BEASISWA PENDIDIKAN “BAYAN PEDULI” PROGRAM 2024,IlKomp,0
BEASISWA PENDIDIKAN “BAYAN PEDULI” PROGRAM 2024,Kimia,2
BEASISWA PENDIDIKAN “BAYAN PEDULI” PROGRAM 2024,Matemat,2
BEASISWA PENDIDIKAN “BAYAN PEDULI” PROGRAM 2024,Statistika,0
BEASISWA PENDIDIKAN “BAYAN PEDULI” PROGRAM 2024,Aktuaria,0
Afirmasi Pendidikan Tinggi 2024,Fisika,1
Afirmasi Pendidikan Tinggi 2024,Geofisika,0
Afirmasi Pendidikan Tinggi 2024,Elins,0
Afirmasi Pendidikan Tinggi 2024,IlKomp,0
Afirmasi Pendidikan Tinggi 2024,Kimia,0
Afirmasi Pendidikan Tinggi 2024,Matemat,0
Afirmasi Pendidikan Tinggi 2024,Statistika,0
Afirmasi Pendidikan Tinggi 2024,Aktuaria,0
Tanoto Teladan 2025,Fisika,0
Tanoto Teladan 2025,Geofisika,0
Tanoto Teladan 2025,Elins,1
Tanoto Teladan 2025,IlKomp,2
Tanoto Teladan 2025,Kimia,0
Tanoto Teladan 2025,Matemat,0
Tanoto Teladan 2025,Statistika,1
Tanoto Teladan 2025,Aktuaria,2
BPI 2024 Puslapdik Sarjana Batch 1,Fisika,0
BPI 2024 Puslapdik Sarjana Batch 1,Geofisika,0
BPI 2024 Puslapdik Sarjana Batch 1,Elins,0
BPI 2024 Puslapdik Sarjana Batch 1,IlKomp,0
BPI 2024 Puslapdik Sarjana Batch 1,Kimia,0
BPI 2024 Puslapdik Sarjana Batch 1,Matemat,1
BPI 2024 Puslapdik Sarjana Batch 1,Statistika,0
BPI 2024 Puslapdik Sarjana Batch 1,Aktuaria,0
Beasiswa PBSB Kemenag 2024,Fisika,0
Beasiswa PBSB Kemenag 2024,Geofisika,0
Beasiswa PBSB Kemenag 2024,Elins,0
Beasiswa PBSB Kemenag 2024,IlKomp,0
Beasiswa PBSB Kemenag 2024,Kimia,0
Beasiswa PBSB Kemenag 2024,Matemat,0
Beasiswa PBSB Kemenag 2024,Statistika,0
Beasiswa PBSB Kemenag 2024,Aktuaria,1
BSI Scholarship Inspirasi 2024,Fisika,0
BSI Scholarship Inspirasi 2024,Geofisika,0
BSI Scholarship Inspirasi 2024,Elins,0
BSI Scholarship Inspirasi 2024,IlKomp,1
BSI Scholarship Inspirasi 2024,Kimia,0
BSI Scholarship Inspirasi 2024,Matemat,1
BSI Scholarship Inspirasi 2024,Statistika,0
BSI Scholarship Inspirasi 2024,Aktuaria,0
BSI Scholarship Prestasi 2024,Fisika,0
BSI Scholarship Prestasi 2024,Geofisika,0
BSI Scholarship Prestasi 2024,Elins,0
BSI Scholarship Prestasi 2024,IlKomp,0
BSI Scholarship Prestasi 2024,Kimia,0
BSI Scholarship Prestasi 2024,Matemat,0
BSI Scholarship Prestasi 2024,Statistika,1
BSI Scholarship Prestasi 2024,Aktuaria,2
Beasiswa Unggulan 2024,Fisika,0
Beasiswa Unggulan 2024,Geofisika,0
Beasiswa Unggulan 2024,Elins,0
Beasiswa Unggulan 2024,IlKomp,0
Beasiswa Unggulan 2024,Kimia,0
Beasiswa Unggulan 2024,Matemat,0
Beasiswa Unggulan 2024,Statistika,1
Beasiswa Unggulan 2024,Aktuaria,0
BEASISWA PT. RIAU ANDALAN PULP AND PAPER (RAPP) 2024,Fisika,0
BEASISWA PT. RIAU ANDALAN PULP AND PAPER (RAPP) 2024,Geofisika,0
BEASISWA PT. RIAU ANDALAN PULP AND PAPER (RAPP) 2024,Elins,0
BEASISWA PT. RIAU ANDALAN PULP AND PAPER (RAPP) 2024,IlKomp,0
BEASISWA PT. RIAU ANDALAN PULP AND PAPER (RAPP) 2024,Kimia,1
BEASISWA PT. RIAU ANDALAN PULP AND PAPER (RAPP) 2024,Matemat,0
BEASISWA PT. RIAU ANDALAN PULP AND PAPER (RAPP) 2024,Statistika,0
BEASISWA PT. RIAU ANDALAN PULP AND PAPER (RAPP) 2024,Aktuaria,0
Teladan KIP K 2025,Fisika,0
Teladan KIP K 2025,Geofisika,1
Teladan KIP K 2025,Elins,0
Teladan KIP K 2025,IlKomp,1
Teladan KIP K 2025,Kimia,0
Teladan KIP K 2025,Matemat,0
Teladan KIP K 2025,Statistika,0
Teladan KIP K 2025,Aktuaria,0
Karya Salemba Empat Tahun 2025,Fisika,0
Karya Salemba Empat Tahun 2025,Geofisika,0
Karya Salemba Empat Tahun 2025,Elins,1
Karya Salemba Empat Tahun 2025,IlKomp,2
Karya Salemba Empat Tahun 2025,Kimia,3
Karya Salemba Empat Tahun 2025,Matemat,0
Karya Salemba Empat Tahun 2025,Statistika,1
Karya Salemba Empat Tahun 2025,Aktuaria,1
2025 BIM Saintek Sarjana,Fisika,0
2025 BIM Saintek Sarjana,Geofisika,0
2025 BIM Saintek Sarjana,Elins,1
2025 BIM Saintek Sarjana,IlKomp,1
2025 BIM Saintek Sarjana,Kimia,0
2025 BIM Saintek Sarjana,Matemat,0
2025 BIM Saintek Sarjana,Statistika,0
2025 BIM Saintek Sarjana,Aktuaria,0
Kartu Indonesia Pintar (KIP) Kuliah Tahun 2025,Fisika,5
Kartu Indonesia Pintar (KIP) Kuliah Tahun 2025,Geofisika,7
Kartu Indonesia Pintar (KIP) Kuliah Tahun 2025,Elins,2
Kartu Indonesia Pintar (KIP) Kuliah Tahun 2025,IlKomp,4
Kartu Indonesia Pintar (KIP) Kuliah Tahun 2025,Kimia,11
Kartu Indonesia Pintar (KIP) Kuliah Tahun 2025,Matemat,4
Kartu Indonesia Pintar (KIP) Kuliah Tahun 2025,Statistika,3
Kartu Indonesia Pintar (KIP) Kuliah Tahun 2025,Aktuaria,4
BSI Scholarship Prestasi Unggulan 2025,Fisika,0
BSI Scholarship Prestasi Unggulan 2025,Geofisika,1
BSI Scholarship Prestasi Unggulan 2025,Elins,1
BSI Scholarship Prestasi Unggulan 2025,IlKomp,1
BSI Scholarship Prestasi Unggulan 2025,Kimia,2
BSI Scholarship Prestasi Unggulan 2025,Matemat,0
BSI Scholarship Prestasi Unggulan 2025,Statistika,1
BSI Scholarship Prestasi Unggulan 2025,Aktuaria,0
Bantuan Donatur Orang Tua semester gasal 2025-2026,Fisika,0
Bantuan Donatur Orang Tua semester gasal 2025-2026,Geofisika,0
Bantuan Donatur Orang Tua semester gasal 2025-2026,Elins,0
Bantuan Donatur Orang Tua semester gasal 2025-2026,IlKomp,0
Bantuan Donatur Orang Tua semester gasal 2025-2026,Kimia,0
Bantuan Donatur Orang Tua semester gasal 2025-2026,Matemat,0
Bantuan Donatur Orang Tua semester gasal 2025-2026,Statistika,1
Bantuan Donatur Orang Tua semester gasal 2025-2026,Aktuaria,0
Jardine UGM Scholarship 2025,Fisika,0
Jardine UGM Scholarship 2025,Geofisika,0
Jardine UGM Scholarship 2025,Elins,0
Jardine UGM Scholarship 2025,IlKomp,1
Jardine UGM Scholarship 2025,Kimia,0
Jardine UGM Scholarship 2025,Matemat,0
Jardine UGM Scholarship 2025,Statistika,1
Jardine UGM Scholarship 2025,Aktuaria,0
Beasiswa Pemerintah Kota Batam 2025,Fisika,0
Beasiswa Pemerintah Kota Batam 2025,Geofisika,0
Beasiswa Pemerintah Kota Batam 2025,Elins,0
Beasiswa Pemerintah Kota Batam 2025,IlKomp,0
Beasiswa Pemerintah Kota Batam 2025,Kimia,1
Beasiswa Pemerintah Kota Batam 2025,Matemat,0
Beasiswa Pemerintah Kota Batam 2025,Statistika,0
Beasiswa Pemerintah Kota Batam 2025,Aktuaria,0
Beasiswa Cendekia BAZNAS 2025 (angkatan-7),Fisika,1
Beasiswa Cendekia BAZNAS 2025 (angkatan-7),Geofisika,0
Beasiswa Cendekia BAZNAS 2025 (angkatan-7),Elins,0
Beasiswa Cendekia BAZNAS 2025 (angkatan-7),IlKomp,0
Beasiswa Cendekia BAZNAS 2025 (angkatan-7),Kimia,1
Beasiswa Cendekia BAZNAS 2025 (angkatan-7),Matemat,0
Beasiswa Cendekia BAZNAS 2025 (angkatan-7),Statistika,0
Beasiswa Cendekia BAZNAS 2025 (angkatan-7),Aktuaria,0
Afirmasi Pendidikan Tinggi 2025,Fisika,1
Afirmasi Pendidikan Tinggi 2025,Geofisika,0
Afirmasi Pendidikan Tinggi 2025,Elins,0
Afirmasi Pendidikan Tinggi 2025,IlKomp,0
Afirmasi Pendidikan Tinggi 2025,Kimia,0
Afirmasi Pendidikan Tinggi 2025,Matemat,0
Afirmasi Pendidikan Tinggi 2025,Statistika,0
Afirmasi Pendidikan Tinggi 2025,Aktuaria,0
Tanoto Teladan 2026,Fisika,0
Tanoto Teladan 2026,Geofisika,0
Tanoto Teladan 2026,Elins,0
Tanoto Teladan 2026,IlKomp,1
Tanoto Teladan 2026,Kimia,0
Tanoto Teladan 2026,Matemat,0
Tanoto Teladan 2026,Statistika,0
Tanoto Teladan 2026,Aktuaria,0
BEASISWA PENDIDIKAN “BAYAN PEDULI” PROGRAM 2025,Fisika,1
BEASISWA PENDIDIKAN “BAYAN PEDULI” PROGRAM 2025,Geofisika,3
BEASISWA PENDIDIKAN “BAYAN PEDULI” PROGRAM 2025,Elins,1
BEASISWA PENDIDIKAN “BAYAN PEDULI” PROGRAM 2025,IlKomp,0
BEASISWA PENDIDIKAN “BAYAN PEDULI” PROGRAM 2025,Kimia,0
BEASISWA PENDIDIKAN “BAYAN PEDULI” PROGRAM 2025,Matemat,0
BEASISWA PENDIDIKAN “BAYAN PEDULI” PROGRAM 2025,Statistika,2
BEASISWA PENDIDIKAN “BAYAN PEDULI” PROGRAM 2025,Aktuaria,1
PBU Afirmasi Tridarma Kabupaten Kutai Timur 2025,Fisika,0
PBU Afirmasi Tridarma Kabupaten Kutai Timur 2025,Geofisika,0
PBU Afirmasi Tridarma Kabupaten Kutai Timur 2025,Elins,0
PBU Afirmasi Tridarma Kabupaten Kutai Timur 2025,IlKomp,0
PBU Afirmasi Tridarma Kabupaten Kutai Timur 2025,Kimia,0
PBU Afirmasi Tridarma Kabupaten Kutai Timur 2025,Matemat,0
PBU Afirmasi Tridarma Kabupaten Kutai Timur 2025,Statistika,0
PBU Afirmasi Tridarma Kabupaten Kutai Timur 2025,Aktuaria,1
Paragon Scholarship Excellent (PSP) 2025,Fisika,0
Paragon Scholarship Excellent (PSP) 2025,Geofisika,0
Paragon Scholarship Excellent (PSP) 2025,Elins,1
Paragon Scholarship Excellent (PSP) 2025,IlKomp,0
Paragon Scholarship Excellent (PSP) 2025,Kimia,0
Paragon Scholarship Excellent (PSP) 2025,Matemat,1
Paragon Scholarship Excellent (PSP) 2025,Statistika,0
Paragon Scholarship Excellent (PSP) 2025,Aktuaria,1
PBU Afirmasi Tridarma Kabupaten Penajam Paser Utara 2025,Fisika,0
PBU Afirmasi Tridarma Kabupaten Penajam Paser Utara 2025,Geofisika,0
PBU Afirmasi Tridarma Kabupaten Penajam Paser Utara 2025,Elins,0
PBU Afirmasi Tridarma Kabupaten Penajam Paser Utara 2025,IlKomp,0
PBU Afirmasi Tridarma Kabupaten Penajam Paser Utara 2025,Kimia,0
PBU Afirmasi Tridarma Kabupaten Penajam Paser Utara 2025,Matemat,1
PBU Afirmasi Tridarma Kabupaten Penajam Paser Utara 2025,Statistika,0
PBU Afirmasi Tridarma Kabupaten Penajam Paser Utara 2025,Aktuaria,0
PBU Afirmasi Tridarma Diknas Kota Kupang 2025,Fisika,0
PBU Afirmasi Tridarma Diknas Kota Kupang 2025,Geofisika,0
PBU Afirmasi Tridarma Diknas Kota Kupang 2025,Elins,0
PBU Afirmasi Tridarma Diknas Kota Kupang 2025,IlKomp,0
PBU Afirmasi Tridarma Diknas Kota Kupang 2025,Kimia,0
PBU Afirmasi Tridarma Diknas Kota Kupang 2025,Matemat,0
PBU Afirmasi Tridarma Diknas Kota Kupang 2025,Statistika,0
PBU Afirmasi Tridarma Diknas Kota Kupang 2025,Aktuaria,1
Gratyo OTA (On Things Above) 2025,Fisika,0
Gratyo OTA (On Things Above) 2025,Geofisika,0
Gratyo OTA (On Things Above) 2025,Elins,0
Gratyo OTA (On Things Above) 2025,IlKomp,0
Gratyo OTA (On Things Above) 2025,Kimia,0
Gratyo OTA (On Things Above) 2025,Matemat,0
Gratyo OTA (On Things Above) 2025,Statistika,2
Gratyo OTA (On Things Above) 2025,Aktuaria,0
Beasiswa PemerintahKabupaten Tabalong 2025,Fisika,0
Beasiswa PemerintahKabupaten Tabalong 2025,Geofisika,0
Beasiswa PemerintahKabupaten Tabalong 2025,Elins,0
Beasiswa PemerintahKabupaten Tabalong 2025,IlKomp,0
Beasiswa PemerintahKabupaten Tabalong 2025,Kimia,0
Beasiswa PemerintahKabupaten Tabalong 2025,Matemat,1
Beasiswa PemerintahKabupaten Tabalong 2025,Statistika,0
Beasiswa PemerintahKabupaten Tabalong 2025,Aktuaria,0
Bakti BCA 2025 Jalur Prestasi Akademis,Fisika,0
Bakti BCA 2025 Jalur Prestasi Akademis,Geofisika,1
Bakti BCA 2025 Jalur Prestasi Akademis,Elins,0
Bakti BCA 2025 Jalur Prestasi Akademis,IlKomp,4
Bakti BCA 2025 Jalur Prestasi Akademis,Kimia,0
Bakti BCA 2025 Jalur Prestasi Akademis,Matemat,0
Bakti BCA 2025 Jalur Prestasi Akademis,Statistika,0
Bakti BCA 2025 Jalur Prestasi Akademis,Aktuaria,0
Bakti BCA 2025 Jalur Prestasi Non Akademis,Fisika,0
Bakti BCA 2025 Jalur Prestasi Non Akademis,Geofisika,0
Bakti BCA 2025 Jalur Prestasi Non Akademis,Elins,0
Bakti BCA 2025 Jalur Prestasi Non Akademis,IlKomp,0
Bakti BCA 2025 Jalur Prestasi Non Akademis,Kimia,1
Bakti BCA 2025 Jalur Prestasi Non Akademis,Matemat,0
Bakti BCA 2025 Jalur Prestasi Non Akademis,Statistika,1
Bakti BCA 2025 Jalur Prestasi Non Akademis,Aktuaria,0
Kartu Indonesia Pintar (KIP) Kuliah Tahun 2025 (non Eligible),Fisika,1
Kartu Indonesia Pintar (KIP) Kuliah Tahun 2025 (non Eligible),Geofisika,5
Kartu Indonesia Pintar (KIP) Kuliah Tahun 2025 (non Eligible),Elins,5
Kartu Indonesia Pintar (KIP) Kuliah Tahun 2025 (non Eligible),IlKomp,0
Kartu Indonesia Pintar (KIP) Kuliah Tahun 2025 (non Eligible),Kimia,11
Kartu Indonesia Pintar (KIP) Kuliah Tahun 2025 (non Eligible),Matemat,1
Kartu Indonesia Pintar (KIP) Kuliah Tahun 2025 (non Eligible),Statistika,2
Kartu Indonesia Pintar (KIP) Kuliah Tahun 2025 (non Eligible),Aktuaria,0
Beasiswa Lanjutan Pemprov Riau 2025,Fisika,0
Beasiswa Lanjutan Pemprov Riau 2025,Geofisika,0
Beasiswa Lanjutan Pemprov Riau 2025,Elins,0
Beasiswa Lanjutan Pemprov Riau 2025,IlKomp,1
Beasiswa Lanjutan Pemprov Riau 2025,Kimia,0
Beasiswa Lanjutan Pemprov Riau 2025,Matemat,0
Beasiswa Lanjutan Pemprov Riau 2025,Statistika,0
Beasiswa Lanjutan Pemprov Riau 2025,Aktuaria,0
Dato Low Tuck Kwong Purnomo Yusgiantoro 2025,Fisika,0
Dato Low Tuck Kwong Purnomo Yusgiantoro 2025,Geofisika,0
Dato Low Tuck Kwong Purnomo Yusgiantoro 2025,Elins,1
Dato Low Tuck Kwong Purnomo Yusgiantoro 2025,IlKomp,0
Dato Low Tuck Kwong Purnomo Yusgiantoro 2025,Kimia,3
Dato Low Tuck Kwong Purnomo Yusgiantoro 2025,Matemat,1
Dato Low Tuck Kwong Purnomo Yusgiantoro 2025,Statistika,1
Dato Low Tuck Kwong Purnomo Yusgiantoro 2025,Aktuaria,0
YBM BRI Brillian,Fisika,1
YBM BRI Brillian,Geofisika,0
YBM BRI Brillian,Elins,0
YBM BRI Brillian,IlKomp,0
YBM BRI Brillian,Kimia,0
YBM BRI Brillian,Matemat,0
YBM BRI Brillian,Statistika,0
YBM BRI Brillian,Aktuaria,1
Dato Low Tuck Kwong Purnomo Yusgiantoro Kategori Tugas Akhir_semester gasal 2025-2026,Fisika,0
Dato Low Tuck Kwong Purnomo Yusgiantoro Kategori Tugas Akhir_semester gasal 2025-2026,Geofisika,0
Dato Low Tuck Kwong Purnomo Yusgiantoro Kategori Tugas Akhir_semester gasal 2025-2026,Elins,0
Dato Low Tuck Kwong Purnomo Yusgiantoro Kategori Tugas Akhir_semester gasal 2025-2026,IlKomp,0
Dato Low Tuck Kwong Purnomo Yusgiantoro Kategori Tugas Akhir_semester gasal 2025-2026,Kimia,1
Dato Low Tuck Kwong Purnomo Yusgiantoro Kategori Tugas Akhir_semester gasal 2025-2026,Matemat,0
Dato Low Tuck Kwong Purnomo Yusgiantoro Kategori Tugas Akhir_semester gasal 2025-2026,Statistika,0
Dato Low Tuck Kwong Purnomo Yusgiantoro Kategori Tugas Akhir_semester gasal 2025-2026,Aktuaria,0
Beasiswa Unggulan 2025 _ S1 Angkatan 2025,Fisika,1
Beasiswa Unggulan 2025 _ S1 Angkatan 2025,Geofisika,0
Beasiswa Unggulan 2025 _ S1 Angkatan 2025,Elins,1
Beasiswa Unggulan 2025 _ S1 Angkatan 2025,IlKomp,2
Beasiswa Unggulan 2025 _ S1 Angkatan 2025,Kimia,0
Beasiswa Unggulan 2025 _ S1 Angkatan 2025,Matemat,0
Beasiswa Unggulan 2025 _ S1 Angkatan 2025,Statistika,1
Beasiswa Unggulan 2025 _ S1 Angkatan 2025,Aktuaria,2
BEASISWA UGM ANGKATAN 2024,Fisika,2
BEASISWA UGM ANGKATAN 2024,Geofisika,2
BEASISWA UGM ANGKATAN 2024,Elins,0
BEASISWA UGM ANGKATAN 2024,IlKomp,1
BEASISWA UGM ANGKATAN 2024,Kimia,2
BEASISWA UGM ANGKATAN 2024,Matemat,0
BEASISWA UGM ANGKATAN 2024,Statistika,0
BEASISWA UGM ANGKATAN 2024,Aktuaria,0
BSI Scholarship Talenta 2025,Fisika,0
BSI Scholarship Talenta 2025,Geofisika,0
BSI Scholarship Talenta 2025,Elins,2
BSI Scholarship Talenta 2025,IlKomp,1
BSI Scholarship Talenta 2025,Kimia,0
BSI Scholarship Talenta 2025,Matemat,0
BSI Scholarship Talenta 2025,Statistika,3
BSI Scholarship Talenta 2025,Aktuaria,2
BEASISWA AAJI HARRY DIAH Semester Gasal 2025-2026,Fisika,0
BEASISWA AAJI HARRY DIAH Semester Gasal 2025-2026,Geofisika,0
BEASISWA AAJI HARRY DIAH Semester Gasal 2025-2026,Elins,0
BEASISWA AAJI HARRY DIAH Semester Gasal 2025-2026,IlKomp,0
BEASISWA AAJI HARRY DIAH Semester Gasal 2025-2026,Kimia,0
BEASISWA AAJI HARRY DIAH Semester Gasal 2025-2026,Matemat,0
BEASISWA AAJI HARRY DIAH Semester Gasal 2025-2026,Statistika,0
BEASISWA AAJI HARRY DIAH Semester Gasal 2025-2026,Aktuaria,1
Beasiswa Mahasiswa  UGM Angkatan 2025,Fisika,0
Beasiswa Mahasiswa  UGM Angkatan 2025,Geofisika,2
Beasiswa Mahasiswa  UGM Angkatan 2025,Elins,3
Beasiswa Mahasiswa  UGM Angkatan 2025,IlKomp,2
Beasiswa Mahasiswa  UGM Angkatan 2025,Kimia,8
Beasiswa Mahasiswa  UGM Angkatan 2025,Matemat,3
Beasiswa Mahasiswa  UGM Angkatan 2025,Statistika,1
Beasiswa Mahasiswa  UGM Angkatan 2025,Aktuaria,2
Teladan KIP K 2026,Fisika,0
Teladan KIP K 2026,Geofisika,1
Teladan KIP K 2026,Elins,0
Teladan KIP K 2026,IlKomp,0
Teladan KIP K 2026,Kimia,0
Teladan KIP K 2026,Matemat,0
Teladan KIP K 2026,Statistika,0
Teladan KIP K 2026,Aktuaria,0
Beasiswa Pemuda Berprestasi Kabupaten Magelang 2025,Fisika,0
Beasiswa Pemuda Berprestasi Kabupaten Magelang 2025,Geofisika,1
Beasiswa Pemuda Berprestasi Kabupaten Magelang 2025,Elins,0
Beasiswa Pemuda Berprestasi Kabupaten Magelang 2025,IlKomp,0
Beasiswa Pemuda Berprestasi Kabupaten Magelang 2025,Kimia,0
Beasiswa Pemuda Berprestasi Kabupaten Magelang 2025,Matemat,0
Beasiswa Pemuda Berprestasi Kabupaten Magelang 2025,Statistika,3
Beasiswa Pemuda Berprestasi Kabupaten Magelang 2025,Aktuaria,0
Beasiswa Indonesia Bangkit (BIB) Jenjang S1 Angkatan 2025,Fisika,0
Beasiswa Indonesia Bangkit (BIB) Jenjang S1 Angkatan 2025,Geofisika,0
Beasiswa Indonesia Bangkit (BIB) Jenjang S1 Angkatan 2025,Elins,0
Beasiswa Indonesia Bangkit (BIB) Jenjang S1 Angkatan 2025,IlKomp,0
Beasiswa Indonesia Bangkit (BIB) Jenjang S1 Angkatan 2025,Kimia,1
Beasiswa Indonesia Bangkit (BIB) Jenjang S1 Angkatan 2025,Matemat,0
Beasiswa Indonesia Bangkit (BIB) Jenjang S1 Angkatan 2025,Statistika,0
Beasiswa Indonesia Bangkit (BIB) Jenjang S1 Angkatan 2025,Aktuaria,0
Pendukung Pendidikan Mahasiswa UGM,Fisika,2
Pendukung Pendidikan Mahasiswa UGM,Geofisika,1
Pendukung Pendidikan Mahasiswa UGM,Elins,1
Pendukung Pendidikan Mahasiswa UGM,IlKomp,1
Pendukung Pendidikan Mahasiswa UGM,Kimia,5
Pendukung Pendidikan Mahasiswa UGM,Matemat,4
Pendukung Pendidikan Mahasiswa UGM,Statistika,0
Pendukung Pendidikan Mahasiswa UGM,Aktuaria,1
Bantuan UKT bagi Mahasiswa terdampak Bencana Hidrometeorologi Sumatera 2025,Fisika,0
Bantuan UKT bagi Mahasiswa terdampak Bencana Hidrometeorologi Sumatera 2025,Geofisika,0
Bantuan UKT bagi Mahasiswa terdampak Bencana Hidrometeorologi Sumatera 2025,Elins,0
Bantuan UKT bagi Mahasiswa terdampak Bencana Hidrometeorologi Sumatera 2025,IlKomp,0
Bantuan UKT bagi Mahasiswa terdampak Bencana Hidrometeorologi Sumatera 2025,Kimia,1
Bantuan UKT bagi Mahasiswa terdampak Bencana Hidrometeorologi Sumatera 2025,Matemat,0
Bantuan UKT bagi Mahasiswa terdampak Bencana Hidrometeorologi Sumatera 2025,Statistika,0
Bantuan UKT bagi Mahasiswa terdampak Bencana Hidrometeorologi Sumatera 2025,Aktuaria,1
VDMI 2026,Fisika,0
VDMI 2026,Geofisika,0
VDMI 2026,Elins,1
VDMI 2026,IlKomp,0
VDMI 2026,Kimia,0
VDMI 2026,Matemat,1
VDMI 2026,Statistika,0
VDMI 2026,Aktuaria,1
Dato Low Tuck Kwong Kategori Aktivis Gasal 2025,Fisika,0
Dato Low Tuck Kwong Kategori Aktivis Gasal 2025,Geofisika,0
Dato Low Tuck Kwong Kategori Aktivis Gasal 2025,Elins,1
Dato Low Tuck Kwong Kategori Aktivis Gasal 2025,IlKomp,1
Dato Low Tuck Kwong Kategori Aktivis Gasal 2025,Kimia,1
Dato Low Tuck Kwong Kategori Aktivis Gasal 2025,Matemat,0
Dato Low Tuck Kwong Kategori Aktivis Gasal 2025,Statistika,2
Dato Low Tuck Kwong Kategori Aktivis Gasal 2025,Aktuaria,0
Beasiswa Hana Bank 2025,Fisika,0
Beasiswa Hana Bank 2025,Geofisika,0
Beasiswa Hana Bank 2025,Elins,0
Beasiswa Hana Bank 2025,IlKomp,3
Beasiswa Hana Bank 2025,Kimia,0
Beasiswa Hana Bank 2025,Matemat,0
Beasiswa Hana Bank 2025,Statistika,0
Beasiswa Hana Bank 2025,Aktuaria,0
Bank Indonesia 2026 Skema Reguler,Fisika,1
Bank Indonesia 2026 Skema Reguler,Geofisika,0
Bank Indonesia 2026 Skema Reguler,Elins,2
Bank Indonesia 2026 Skema Reguler,IlKomp,4
Bank Indonesia 2026 Skema Reguler,Kimia,0
Bank Indonesia 2026 Skema Reguler,Matemat,1
Bank Indonesia 2026 Skema Reguler,Statistika,5
Bank Indonesia 2026 Skema Reguler,Aktuaria,0
Beasiswa Anak Pegawai UGM Semester Genap 2025/2026,Fisika,2
Beasiswa Anak Pegawai UGM Semester Genap 2025/2026,Geofisika,5
Beasiswa Anak Pegawai UGM Semester Genap 2025/2026,Elins,6
Beasiswa Anak Pegawai UGM Semester Genap 2025/2026,IlKomp,7
Beasiswa Anak Pegawai UGM Semester Genap 2025/2026,Kimia,4
Beasiswa Anak Pegawai UGM Semester Genap 2025/2026,Matemat,0
Beasiswa Anak Pegawai UGM Semester Genap 2025/2026,Statistika,2
Beasiswa Anak Pegawai UGM Semester Genap 2025/2026,Aktuaria,1
BSI Unggulan 2026 Batch 1,Fisika,1
BSI Unggulan 2026 Batch 1,Geofisika,1
BSI Unggulan 2026 Batch 1,Elins,0
BSI Unggulan 2026 Batch 1,IlKomp,0
BSI Unggulan 2026 Batch 1,Kimia,2
BSI Unggulan 2026 Batch 1,Matemat,1
BSI Unggulan 2026 Batch 1,Statistika,1
BSI Unggulan 2026 Batch 1,Aktuaria,0
Beasiswa Pemuda Berprestasi Kabupaten Magelang 2026 (Lanjutan),Fisika,0
Beasiswa Pemuda Berprestasi Kabupaten Magelang 2026 (Lanjutan),Geofisika,1
Beasiswa Pemuda Berprestasi Kabupaten Magelang 2026 (Lanjutan),Elins,0
Beasiswa Pemuda Berprestasi Kabupaten Magelang 2026 (Lanjutan),IlKomp,0
Beasiswa Pemuda Berprestasi Kabupaten Magelang 2026 (Lanjutan),Kimia,0
Beasiswa Pemuda Berprestasi Kabupaten Magelang 2026 (Lanjutan),Matemat,0
Beasiswa Pemuda Berprestasi Kabupaten Magelang 2026 (Lanjutan),Statistika,3
Beasiswa Pemuda Berprestasi Kabupaten Magelang 2026 (Lanjutan),Aktuaria,0
Beasiswa Pemerintah Kota Batam 2026,Fisika,0
Beasiswa Pemerintah Kota Batam 2026,Geofisika,0
Beasiswa Pemerintah Kota Batam 2026,Elins,0
Beasiswa Pemerintah Kota Batam 2026,IlKomp,0
Beasiswa Pemerintah Kota Batam 2026,Kimia,1
Beasiswa Pemerintah Kota Batam 2026,Matemat,0
Beasiswa Pemerintah Kota Batam 2026,Statistika,0
Beasiswa Pemerintah Kota Batam 2026,Aktuaria,0
Afirmasi Pendidikan Tinggi 2026,Fisika,0
Afirmasi Pendidikan Tinggi 2026,Geofisika,0
Afirmasi Pendidikan Tinggi 2026,Elins,0
Afirmasi Pendidikan Tinggi 2026,IlKomp,1
Afirmasi Pendidikan Tinggi 2026,Kimia,0
Afirmasi Pendidikan Tinggi 2026,Matemat,0
Afirmasi Pendidikan Tinggi 2026,Statistika,0
Afirmasi Pendidikan Tinggi 2026,Aktuaria,0
Beasiswa Afirmasi Tridharma Kabupaten Pakpak Bharat 2026,Fisika,0
Beasiswa Afirmasi Tridharma Kabupaten Pakpak Bharat 2026,Geofisika,0
Beasiswa Afirmasi Tridharma Kabupaten Pakpak Bharat 2026,Elins,0
Beasiswa Afirmasi Tridharma Kabupaten Pakpak Bharat 2026,IlKomp,0
Beasiswa Afirmasi Tridharma Kabupaten Pakpak Bharat 2026,Kimia,0
Beasiswa Afirmasi Tridharma Kabupaten Pakpak Bharat 2026,Matemat,0
Beasiswa Afirmasi Tridharma Kabupaten Pakpak Bharat 2026,Statistika,1
Beasiswa Afirmasi Tridharma Kabupaten Pakpak Bharat 2026,Aktuaria,0
Beasiswa Mahasiswa  UGM Angkatan 2025 GASAL 2026/2027,Fisika,0
Beasiswa Mahasiswa  UGM Angkatan 2025 GASAL 2026/2027,Geofisika,2
Beasiswa Mahasiswa  UGM Angkatan 2025 GASAL 2026/2027,Elins,2
Beasiswa Mahasiswa  UGM Angkatan 2025 GASAL 2026/2027,IlKomp,2
Beasiswa Mahasiswa  UGM Angkatan 2025 GASAL 2026/2027,Kimia,8
Beasiswa Mahasiswa  UGM Angkatan 2025 GASAL 2026/2027,Matemat,1
Beasiswa Mahasiswa  UGM Angkatan 2025 GASAL 2026/2027,Statistika,1
Beasiswa Mahasiswa  UGM Angkatan 2025 GASAL 2026/2027,Aktuaria,1
Beasiswa Indonesia Bangkit (BIB) Program Beasiswa Santri 2026,Fisika,1
Beasiswa Indonesia Bangkit (BIB) Program Beasiswa Santri 2026,Geofisika,0
Beasiswa Indonesia Bangkit (BIB) Program Beasiswa Santri 2026,Elins,0
Beasiswa Indonesia Bangkit (BIB) Program Beasiswa Santri 2026,IlKomp,0
Beasiswa Indonesia Bangkit (BIB) Program Beasiswa Santri 2026,Kimia,0
Beasiswa Indonesia Bangkit (BIB) Program Beasiswa Santri 2026,Matemat,0
Beasiswa Indonesia Bangkit (BIB) Program Beasiswa Santri 2026,Statistika,0
Beasiswa Indonesia Bangkit (BIB) Program Beasiswa Santri 2026,Aktuaria,0
