jenis,kegiatan,hasil,tingkat,n
Karya KKN-TTG,Antisipasi Hama uret menggunakan Metharzium Anisoplae,KKN-TTG 2026,Nasional,1
Karya KKN-TTG,Bimbingan Belajar Matematika dan Fisika Dasar untuk Meningkatkan Literasi Sains Anak,KKN-TTG 2026,Nasional,1
Karya KKN-TTG,"Buku Saku Digital ""Hidroponik Desa: Panduan Praktis Budidaya Sayuran Modern di Dataran Tinggi""",KKN-TTG 2026,Nasional,1
Karya KKN-TTG,Buku Saku Digital: Edukasi Penggunaan AI Dengan Bijak,KKN-TTG 2026,Nasional,1
Karya KKN-TTG,Dashboard Potensi dan Kebutuhan Pelaku UMKM untuk Penguatan Ekonomi Lokal Desa Loano,KKN-TTG 2026,Nasional,1
Karya KKN-TTG,Digital Audio Story: Buku Cerita Anak mengangkat Kearifan Lokal Khas Rembang dan Belajar Mewarnai dengan Teknik Gradasi Warna,KKN-TTG 2026,Nasional,1
Karya KKN-TTG,Digital Fun Learning IPA dan Matematika untuk anak SD Demaan dan Anak-anak Becici,KKN-TTG 2026,Nasional,1
Karya KKN-TTG,Eco-Enzim: Penyuluhan tentang Formulasi dan Pembuatan Eco-Enzim dari Limbah Kulit Buah dan Sayur,KKN-TTG 2026,Nasional,1
Karya KKN-TTG,Edukasi Konsep Fisika dalam Pendekatan Sederhana Perkiraan Kalori Makanan bagi Anak,KKN-TTG 2026,Nasional,1
Karya KKN-TTG,Edukasi Masyarakat Mengenai ketersediaan pembayaran digital (Qris),KKN-TTG 2026,Nasional,1
Karya KKN-TTG,Edukasi Masyarakat tentang Monitoring Kualitas Udara pada Penggunaan Rocket Stove,KKN-TTG 2026,Nasional,1
Karya KKN-TTG,Edukasi Penyajian Variasi Kopi Sehat untuk Mendukung Pola Konsumsi Gizi Keluarga,KKN-TTG 2026,Nasional,1
Karya KKN-TTG,Edukasi Perencanaan Pendidikan Bekerlanjutan bagi Siswa SMP,KKN-TTG 2026,Nasional,1
Karya KKN-TTG,"Edukasi penyaringan air cokelat menggunakan ijuk, pasir, dan batu koral",KKN-TTG 2026,Nasional,1
Karya KKN-TTG,Festival Sains Mini :Lomba Eksperimen Lava Gunung Berapi yang diiringi Estafet Cerdas Cermat,KKN-TTG 2026,Nasional,1
Karya KKN-TTG,Festival Sains: Presentasi Hasil Penelitian Pertumbuhan dan Perkembanan Tumbuhan dalam Pot Vertikal per Kelompok dengan Media Kliping,KKN-TTG 2026,Nasional,1
Karya KKN-TTG,Geotagging dan Pemetaan Sumber Daya Desa,KKN-TTG 2026,Nasional,1
Karya KKN-TTG,Implementasi Sistem Informasi Geografis (SIG) Jalur Evakuasi Berbasis Web dalam Pemberdayaan Masyarakat Geopark Jogja di Desa Trimulyo.,KKN-TTG 2026,Nasional,1
Karya KKN-TTG,Implementasi Sistem Login dan Autentikasi Pengguna serta Dashboard Administrasi untuk Konfigurasi Sistem Presensi Berbasis Web pada Kelurahan di Kawasan Geopark Jogja.,KKN-TTG 2026,Nasional,1
Karya KKN-TTG,Implementasi Sistem Otomatisasi Rekapitulasi Presensi Digital Berbasis Web guna Meningkatkan Akurasi Tata Kelola Administrasi di Kawasan Geopark Desa Trimulyo.,KKN-TTG 2026,Nasional,1
Karya KKN-TTG,Implementasi Teknologi Desain Grafis dalam Pembuatan Identitas Produk Market Day Siswa SD,KKN-TTG 2026,Nasional,1
Karya KKN-TTG,"Infografis Stunting: Memahami Risiko, Dampak Jangka Panjang, dan Upaya Pencegahan Sejak Dini",KKN-TTG 2026,Nasional,1
Karya KKN-TTG,Integrasi Destinasi Wisata Desa Madurejo pada Online Travel Agent (OTA) dan Pengembangan Kanal Media Sosial,KKN-TTG 2026,Nasional,1
Karya KKN-TTG,Inventarisasi dan Pemetaan Potensi Wilayah Padukuhan Kembang dalam Mendukung Program Desa Wisata,KKN-TTG 2026,Nasional,1
Karya KKN-TTG,Jaga Diri Sejak Dini: Edukasi Batasan Diri dan Keberanian Berbicara pada Anak,KKN-TTG 2026,Nasional,1
Karya KKN-TTG,Laboratorium Virtual Komprehensif Pembelajaran,KKN-TTG 2026,Nasional,1
Karya KKN-TTG,Mengajar Fisika Sekolah Menengah Pertama,KKN-TTG 2026,Nasional,1
Karya KKN-TTG,Mengajar Membaca Sekolah Dasar,KKN-TTG 2026,Nasional,1
Karya KKN-TTG,Optimalisasi Aksesibilitas Layanan Publik: Digitalisasi Lokasi dan Fisikalisasi Identitas Kelembagaan RT,KKN-TTG 2026,Nasional,1
Karya KKN-TTG,Optimalisasi Data Kependudukan (SiDAMPAK) Menjadi Sistem Informasi Statistik Desa sebagai Instrumen Strategi Pemberdayaan Masyarakat Geopark Jogja di Desa Trimulyo.,KKN-TTG 2026,Nasional,1
Karya KKN-TTG,Pelatihan Pencegahan Informasi Hoax Kecerdasan Buatan,KKN-TTG 2026,Nasional,1
Karya KKN-TTG,Pelatihan Pengelolaan Website Desa Mendelem,KKN-TTG 2026,Nasional,1
Karya KKN-TTG,"Pelatihan Penggunaan Platform Canva, Kahoot, Dan Virtual Lab Bagi Guru Sd Demaan, Kabupaten Rembang, Provinsi Jawa Tengah",KKN-TTG 2026,Nasional,1
Karya KKN-TTG,Pemanfaatan limbah rumah tangga minyak jelantah menjadi lilin aroma,KKN-TTG 2026,Nasional,1
Karya KKN-TTG,Pemasangan Lampu Penerangan Pada Titik Vital Akses Agrowisata Padukuhan Gunung Cilik,KKN-TTG 2026,Nasional,1
Karya KKN-TTG,Pemasangan Panel Surya sebagai Energi Terbarukan Pendukung Agrowisata di Padukuhan Gunung Cilik,KKN-TTG 2026,Nasional,1
Karya KKN-TTG,Pemasangan Sistem Lampu Jalan Otomatis Berbasis Sensor Cahaya,KKN-TTG 2026,Nasional,1
Karya KKN-TTG,Pemasangan tiang dan lampu panel surya pada titik titik vital yang diperlukan,KKN-TTG 2026,Nasional,1
Karya KKN-TTG,"Pembelajaran listrik dasar, perubahan energi, dan energi alternatif bagi anak SD dan MI",KKN-TTG 2026,Nasional,1
Karya KKN-TTG,Pemberdayaan Desa melalui Pemanfaatan Teknologi Ramah Lingkungan,KKN-TTG 2026,Nasional,1
Karya KKN-TTG,Pembuatan BioPestisida untuk Hama pada Komoditas Pertanian Lokal Desa Demaan,KKN-TTG 2026,Nasional,1
Karya KKN-TTG,Pembuatan E-book Kampung Kebaya untuk Media Promosi Digital dan Penguatan Branding Desa Wisata,KKN-TTG 2026,Nasional,1
Karya KKN-TTG,Pembuatan Modul : Pembelajaran Survei dan Pengolahan Data Sederhana Berbasis Lingkungan Sekitar untuk Siswa SD sebagai Upaya Penguatan Literasi Data dan Keberlanjutan Desa,KKN-TTG 2026,Nasional,1
Karya KKN-TTG,Pembuatan POC dari Limbah Kulit Buah dan Sayur,KKN-TTG 2026,Nasional,1
Karya KKN-TTG,Pembuatan Poster Bijak Menggunakan Energi,KKN-TTG 2026,Nasional,1
Karya KKN-TTG,Pembuatan Program Slot Machine Sederhana Untuk Meningkatkan Kesadaran Jebakan Ekonomi Judi Online,KKN-TTG 2026,Nasional,1
Karya KKN-TTG,Pembuatan booklet Peta Potensi Desa Kedungrejo,KKN-TTG 2026,Nasional,1
Karya KKN-TTG,Pembuatan dan Sosialisasi Eko-Enzim Praktis untuk Kebersihan Rumah Tangga,KKN-TTG 2026,Nasional,1
Karya KKN-TTG,Pembuatan dan Sosialisasi Peta UMKM,KKN-TTG 2026,Nasional,1
Karya KKN-TTG,Pembuatan peraga interaktif Aksi Tanggap Bencana,KKN-TTG 2026,Nasional,1
Karya KKN-TTG,Pemetaan Titik-titik Pelaku UMKM untuk Pendataan dan Promosi UMKM,KKN-TTG 2026,Nasional,1
Karya KKN-TTG,Penerapan Harga Pokok Produksi (HPP) dan Harga Jual bagi Pelaku Usaha,KKN-TTG 2026,Nasional,1
Karya KKN-TTG,Penerapan Katalog dan Pemetaan Digital UMKM Desa Mendelem,KKN-TTG 2026,Nasional,1
Karya KKN-TTG,Penerapan Konten Pengiklanan Pertanian di Website Desa Mendelem,KKN-TTG 2026,Nasional,1
Karya KKN-TTG,Pengembangan Digital Gallery sebagai Media Visualisasi Potensi Lokal dan Identitas Geopark Jogja di Desa Trimulyo.,KKN-TTG 2026,Nasional,1
Karya KKN-TTG,Pengembangan Media Simulasi Tanggap Bencana Berbasis Visual Interaktif sebagai Sarana Edukasi,KKN-TTG 2026,Nasional,1
Karya KKN-TTG,Pengembangan Sekolah Alam Sanggrahan: Penalaran Umum dan Logika,KKN-TTG 2026,Nasional,1
Karya KKN-TTG,Pengembangan Sosial dan Natural Desa,KKN-TTG 2026,Nasional,1
Karya KKN-TTG,Pengembangan Website Desa Mendelem,KKN-TTG 2026,Nasional,1
Karya KKN-TTG,Pengembangan Website Kalurahan untuk Sarana Promosi Kalurahan dan UMKM,KKN-TTG 2026,Nasional,1
Karya KKN-TTG,Pengenalan dan Pelatihan Penggunaan Teknologi Kecerdasan Buatan,KKN-TTG 2026,Nasional,1
Karya KKN-TTG,Pengenalan mutu gizi pada makanan kemasan,KKN-TTG 2026,Nasional,1
Karya KKN-TTG,Peningkatan Jangkauan Pasar UMKM Petani dan Pengrajin Bambu Melalui Pemanfaatan Platform WhatsApp Business,KKN-TTG 2026,Nasional,1
Karya KKN-TTG,Peningkatan Literasi AI untuk Mewaspadai Hoax/Berita Bohong,KKN-TTG 2026,Nasional,1
Karya KKN-TTG,Peningkatan Motivasi Belajar Bahasa Inggris Anak di Desa Madurejo Menggunakan Media Digital melalui Website Interaktif,KKN-TTG 2026,Nasional,1
Karya KKN-TTG,Penyuluhan dan Evaluasi Statistik Desain Produk terhadap Preferensi Konsumen UMKM,KKN-TTG 2026,Nasional,1
Karya KKN-TTG,Penyusunan dan Pembuatan LPJ Pemerintah Desa Loano,KKN-TTG 2026,Nasional,1
Karya KKN-TTG,Perancangan Antarmuka Pengguna Website Informasi Gizi Keluarga,KKN-TTG 2026,Nasional,1
Karya KKN-TTG,Perancangan Desain Kandang Ayam Bahagia,KKN-TTG 2026,Nasional,1
Karya KKN-TTG,Perancangan Sistem Sensor dan Kendali Elektronik pada Smart Composter Berbasis Mikrokontroler,KKN-TTG 2026,Nasional,1
Karya KKN-TTG,Perancangan dan Pengembangan Website Portal Digital Wisata Kecamatan Dlingo,KKN-TTG 2026,Nasional,1
Karya KKN-TTG,Petualangan Angka: Belajar Matematika sambil Bermain,KKN-TTG 2026,Nasional,1
Karya KKN-TTG,Pot Bunga Pintar: Hemat Air,KKN-TTG 2026,Nasional,1
Karya KKN-TTG,Publikasi Data Ketenagakerjaan Desa Loano Tahun 2025 : Dasar Penguatan Tata Kelola dan Kemandirian Desa Berkelanjutan,KKN-TTG 2026,Nasional,1
Karya KKN-TTG,Rancang Bangun Sistem Presensi Digital Berbasis Lokasi (Radius Kantor) dan Log Aktivitas Lapangan Berbasis Foto–Waktu–Koordinat untuk Penguatan Administrasi Kelurahan di Kawasan Geopark Jogja.,KKN-TTG 2026,Nasional,1
Karya KKN-TTG,Remaja Melek Finansial: Edukasi Risiko Pinjaman Online,KKN-TTG 2026,Nasional,1
Karya KKN-TTG,SIJAGA SAMPAH: Sistem Jaringan Digital Pengelolaan Sampah,KKN-TTG 2026,Nasional,1
Karya KKN-TTG,SULFURMATE: Mitigasi dan Monitoring Sulfur dalam Proses Pengawetan Bambu,KKN-TTG 2026,Nasional,1
Karya KKN-TTG,Sekolah Alam: Mitigasi dan Penanganan Bencana,KKN-TTG 2026,Nasional,1
Karya KKN-TTG,Sistem Pendataan dan Pengiklanan Wisata Website Desa Mendelem,KKN-TTG 2026,Nasional,1
Karya KKN-TTG,Smart Microclimate Station untuk Agrowisata di Kelurahan Muntuk,KKN-TTG 2026,Nasional,1
Karya KKN-TTG,Sosialisasi & Pelatihan IoT Sederhana untuk Pengelola Agrowisata dan Masyarakat di Kelurahan Muntuk,KKN-TTG 2026,Nasional,1
Karya KKN-TTG,Sosialisasi Cerdas Berinternet: Pemberdayaan Cybersecurity Awareness dan Literasi Digital Warga,KKN-TTG 2026,Nasional,1
Karya KKN-TTG,Sosialisasi Pengelolaan Sampah Botol Melalui Ecobrick dan Lainnya,KKN-TTG 2026,Nasional,1
Karya KKN-TTG,TERA-PANGAN: Teknologi pemantauan Ramah Lingkungan untuk Pangan Fermentasi,KKN-TTG 2026,Nasional,1
Karya KKN-TTG,Tata Cara Menggunakkan Anjungan Tunai Mandiri (ATM) bagi Kelompok Masyrakat Demaan,KKN-TTG 2026,Nasional,1
Karya KKN-TTG,Teknologi Sederhana untuk Produksi VCO: Menuju Desa Mandiri dan Berkelanjutan,KKN-TTG 2026,Nasional,1
Karya KKN-TTG,"Tubuh Kuat, Bebas Anemia: Infografis Pencegahan Anemia Sejak Dini",KKN-TTG 2026,Nasional,1
Karya KKN-TTG,Workshop Upskilling UMKM (Optimasi Google Map),KKN-TTG 2026,Nasional,1
Karya KKN-TTG,Youth Financial Problem-Solving: Mencegah Kesalahan Keuangan di Usia Muda,KKN-TTG 2026,Nasional,1
Karya KKN-TTG,sosialisasi pencegahan prolaku merokok dan bullying pada usia remaja,KKN-TTG 2026,Nasional,1
Kejuaraan,2nd International Student Competition (ISC) 2026,Juara II,Internasional,3
Kejuaraan,2nd International Student Summit 2026,Juara II,Internasional,1
Kejuaraan,6th KIBO-RPC (Robot Programming Challenge),Juara III,Internasional,1
Kejuaraan,AIRLANGGA COMPETITION IV,Juara I,Nasional,1
Kejuaraan,Academic Weeks Politeknik Keuangan Negara STAN 2026,Juara III,Nasional,1
Kejuaraan,Ajang Pengenalan Statistika dan Festival Data #20,Juara II,Nasional,2
Kejuaraan,Arkavidia 10.0 (Cabang Datavidia),Juara III,Nasional,3
Kejuaraan,Brawijaya ASEAN Essay Competition 2026,Juara I,Nasional,2
Kejuaraan,Business-IT Case DIG IN HIMSISFO BINUS,Juara III,Nasional,1
Kejuaraan,GEOPHYSICS DAY 4.0,Juara II,Nasional,1
Kejuaraan,Global Sustainability Challenge,Juara I,Internasional,1
Kejuaraan,International Student Competition,Juara I,Internasional,2
Kejuaraan,Kompetisi Hackathon Geophysics Day 4.0,Juara III,Nasional,1
Kejuaraan,Lomba Esai Nasional (ESNAS) 2026,Juara II,Nasional,2
Kejuaraan,Lomba Essay UIE Insight Festival 2026,Juara II,Nasional,1
Kejuaraan,Lomba Studi Kasus IEEEBIG 2026,Juara I,Universitas,1
Kejuaraan,MATHEMATICAL ANALYSIS & GEOMETRY DAY ke -7 (MAGD-DAY) 2026 (Kategori Individu),Juara II,Nasional,1
Kejuaraan,MATHEMATICAL ANALYSIS & GEOMETRY DAY ke 17 (MAGD-DAY) 2026 (Kategori Individu),Juara I,Nasional,2
Kejuaraan,MATHEMATICAL ANALYSIS & GEOMETRY DAY ke 17 (MAGD-DAY) 2026 (Kategori Individu),Juara II,Nasional,1
Kejuaraan,MATHEMATICAL ANALYSIS & GEOMETRY DAY ke 17 (MAGD-DAY) 2026 (Kategori Individu),Juara III,Nasional,4
Kejuaraan,Mathematical Analysis and Geometry Day XVII 2026,Juara II,Nasional,2
Kejuaraan,Ramadhan Qur'an Fest,Juara III,Regional/Wilayah/Lokal,1
Kejuaraan,Shell Eco-Marathon Asia Pacific and Middle East 2026,Juara I,Internasional,1
Kejuaraan,Shell Eco-marathon Asia Pacific and the Middle East 2026,Juara III,Internasional,2
Penyaji,Seminar Nasional/Internasional ICOGEE 2025,Penyaji,Internasional,1
Publikasi mahasiswa,A SIMPLER PROOF OF THE EQUIVALENCE BETWEEN THEBACKWARDS ITˆO INTEGRAL AND THE MCSHANEBACKWARDS ITˆO INTEGRAL,Publikasi mahasiswa,Jurnal internasional berprestasi,1
Publikasi mahasiswa,"A promising computational study of ovarian cancer treatment of the isolated compound 5, 7-dihydroxy-3 (R)-methylphthalide",Publikasi mahasiswa,Jurnal internasional berprestasi,1
Publikasi mahasiswa,Adaptive Multi-Scale Gaussian-Laplacian Pyramid with Gabor Filtering for Microplastics Detection,Publikasi mahasiswa,Jurnal internasional berprestasi,1
Publikasi mahasiswa,Advancing burn wound monitoring: A non-invasive photoacoustic imaging approach,Publikasi mahasiswa,Jurnal internasional berprestasi,1
Publikasi mahasiswa,Assessing the Long-Term Sustainability of Pension Plans: A Benchmarking Approach Using the Divergence Between Discount Rates and GDP Growth in Relation to the Pension Benefit-Contribution Ratio,Publikasi mahasiswa,Jurnal internasional berprestasi,1
Publikasi mahasiswa,Co-Design of a Power State-Aware Scheduler and an Intelligent Power Manager for Energy-Efficient HPC Systems,Publikasi mahasiswa,Jurnal internasional berprestasi,1
Publikasi mahasiswa,"Comparative evaluation of hotplate, sonochemical, and microwave-assisted reduction methods for improving the structure and electrical conductivity of reduced graphene oxide",Publikasi mahasiswa,Jurnal internasional berprestasi,1
Publikasi mahasiswa,"Concatenated feature pyramid network for robust object detection in urban driving scenarios: A case study in Yogyakarta, Indonesia",Publikasi mahasiswa,Jurnal internasional berprestasi,1
Publikasi mahasiswa,Convolutional Structural Similarity Index Measure (CSSIM): A Novel Interpretable Classification Method for ADHD Diagnosis Using EEG,Publikasi mahasiswa,Jurnal internasional berprestasi,1
Publikasi mahasiswa,Defect-induced spin-split localized states with strong out-of-plane spin polarization in monolayer 1H-WSe2: DFT and k·p analysis,Publikasi mahasiswa,Jurnal internasional berprestasi,1
Publikasi mahasiswa,Development of a Rapid Metal Oxide Semiconductor-Based Sensory System for Noninvasive Neonatal Sepsis Detection,Publikasi mahasiswa,Jurnal internasional berprestasi,1
Publikasi mahasiswa,Energy-Efficient VLSI Architecture for Time-Multiplexed Vibration Feature Extraction and Fuzzy Inference,Publikasi mahasiswa,Jurnal internasional berprestasi,1
Publikasi mahasiswa,Enhanced Badminton Stroke Recognition Using Hybrid RGB–Skeleton Features and Ensemble Learning,Publikasi mahasiswa,Jurnal internasional berprestasi,1
Publikasi mahasiswa,Feature-Optimized Electronic-Nose Classification of Fermented and Non-Fermented Teas,Publikasi mahasiswa,Jurnal internasional berprestasi,1
Publikasi mahasiswa,Gold Price Forecasting with Long Short Term Memory (LSTM) and ARIMAX Method,Publikasi mahasiswa,Jurnal internasional berprestasi,1
Publikasi mahasiswa,High-performance eco-friendly Ni-Cu/bamboo activated carbon catalysts for oxidative desulfurization of high-concentration DBT,Publikasi mahasiswa,Jurnal internasional berprestasi,1
Publikasi mahasiswa,Hybrid Handcrafted Feature Extraction Combined with an Assisted Region of Interest Protocol for Multi-Class Age-Related Macular Degeneration Classification,Publikasi mahasiswa,Jurnal internasional berprestasi,1
Publikasi mahasiswa,Hydrothermal Method for the Green Synthesis of Carbon Dots using Soursop Leaves: Advancing Low-Toxicity Applications in Imaging and Nanomaterials,Publikasi mahasiswa,Jurnal internasional berprestasi,1
Publikasi mahasiswa,Improving Cluster Validity in K-Means Clustering Using Robust Statistical Estimators,Publikasi mahasiswa,Jurnal internasional berprestasi,1
Publikasi mahasiswa,Investigation of reaction mechanism in selective citric acid leaching of Ni and Co from NMC cathodes via real time Raman spectroscopy and RSM optimization,Publikasi mahasiswa,Jurnal internasional berprestasi,1
Publikasi mahasiswa,LiDAR-Based Sensor Fusion and Navigation for Indoor Autonomous Mobile Robots in Warehouse Environments,Publikasi mahasiswa,Jurnal internasional berprestasi,1
Publikasi mahasiswa,Lithium enrichment in high radiogenic geothermal systems originating from lithospheric water due to water-rock interactions,Publikasi mahasiswa,Jurnal internasional berprestasi,1
Publikasi mahasiswa,MLP-Based inverse Kinematics for Efficient Pick and Place Motion Generation of 6 DOF Robotic Manipulators,Publikasi mahasiswa,Jurnal internasional berprestasi,1
Publikasi mahasiswa,Nitrogen-Enriched Graphene Quantum Dots from Biomass as Fluorescent Probes for Fe3+ Ions: A Combined Experimental and DFT Study,Publikasi mahasiswa,Jurnal internasional berprestasi,1
Publikasi mahasiswa,ORCA: AI-powered Autonomous Underwater Vehicle for Subaquatic Exploration,Publikasi mahasiswa,Jurnal internasional berprestasi,1
Publikasi mahasiswa,Optimizing pore structure and edge surface functionalization with oxygen-containing groups in nanoporous graphene for highly efficient CO2 capture,Publikasi mahasiswa,Jurnal internasional berprestasi,1
Publikasi mahasiswa,Performance evaluation and DFT study of a room temperature methylamine gas sensor based on QCM with Fe3O4-PVAc nanofiber active layer,Publikasi mahasiswa,Jurnal internasional berprestasi,1
Publikasi mahasiswa,Physicochemical and antibacterial properties of white mineral trioxide aggregate after replacement of Bi2O3 with ZnO nanoflowers,Publikasi mahasiswa,Jurnal internasional berprestasi,1
Publikasi mahasiswa,Probabilistic Earthquake Hazard Assessment in Indonesia Using Poisson Model and Spatial Grid Analysis,Publikasi mahasiswa,Jurnal internasional berprestasi,1
Publikasi mahasiswa,Quantization Yielding Sharp and Unsharp Observables,Publikasi mahasiswa,Jurnal internasional berprestasi,1
Publikasi mahasiswa,"Quinazolinone derivatives as selective COX-2 inhibitors: In silico analysis using molecular docking, dynamics, and ADMET",Publikasi mahasiswa,Jurnal internasional berprestasi,1
Publikasi mahasiswa,Stable and Efficient Vision Model for AUV Perception via Multi-Task Learning with Gradient Normalization and Knowledge Distillation,Publikasi mahasiswa,Jurnal internasional berprestasi,1
Publikasi mahasiswa,THE BACKWARDS MCSHANE INTEGRAL: AN ALTERNATIVE APPROACH USING FULL DIVISIONS,Publikasi mahasiswa,Jurnal internasional berprestasi,1
Publikasi mahasiswa,The effect of sulfur doping on the ZrTiO4 (111) surface toward the CO2RR to chemically valuable products: a density functional theory study,Publikasi mahasiswa,Jurnal internasional berprestasi,1
Publikasi mahasiswa,Valence state-dependent catalytic behavior of Ni and Co in NiCo/activated carbon derived from spent Li-ion batteries for biojet fuel production,Publikasi mahasiswa,Jurnal internasional berprestasi,1
Publikasi mahasiswa,Valuing Fruit Tree Lease Contracts Under Uncertainty: A Probabilistic Framework for Fair Pricing,Publikasi mahasiswa,Jurnal internasional berprestasi,1
Publikasi mahasiswa,Various light sources-assisted photodegradation of Rhodamine B using magnetically separable and reusable MnFe2O4/Cdots synthesized utilizing Moringa oleifera leaf extract and watermelon peel,Publikasi mahasiswa,Jurnal internasional berprestasi,1
